harm,share_A,share_B,share_diff_A_minus_B,lor,p,q,std_resid_A,std_resid_B,chi2_pair,chi2_p_value,chi2_df
diminished health and well-being,0.28125,0.26666666666666666,0.014583333333333337,0.06774052317048555,1.0,1.0,0.07623119732708086,-0.07873124205579614,4.6172938948306586,0.7065509508571663,7
loss of agency or control,0.15625,0.23333333333333334,-0.07708333333333334,-0.4673405118262518,0.5288626444887585,0.9704918032786886,-0.47959015881282163,0.49531858615654084,4.6172938948306586,0.7065509508571663,7
service or benefit loss,0.21875,0.13333333333333333,0.08541666666666667,0.5492919045937867,0.51067506614576,0.9704918032786886,0.5550686201007292,-0.5732724057739882,4.6172938948306586,0.7065509508571663,7
increased labor,0.1875,0.1,0.0875,0.6560804800865726,0.4753566580828538,0.9704918032786886,0.6286185570937121,-0.6492344540642354,4.6172938948306586,0.7065509508571663,7
opportunity loss,0.03125,0.13333333333333333,-0.10208333333333333,-1.2714551015075206,0.18866351764378994,0.9704918032786886,-0.9839436779055611,1.0162126608358169,4.6172938948306586,0.7065509508571663,7
alienation,0.0625,0.03333333333333333,0.029166666666666667,0.47748920349839874,1.0,1.0,0.36293309315564887,-0.37483568682116614,4.6172938948306586,0.7065509508571663,7
economic loss,0.03125,0.06666666666666667,-0.035416666666666666,-0.6109090823229733,0.6065573770491803,0.9704918032786886,-0.4407044702604307,0.45515761971141594,4.6172938948306586,0.7065509508571663,7
privacy violation,0.03125,0.03333333333333333,-0.002083333333333333,-0.06559728248581335,1.0,1.0,-0.0317500317500476,0.03279129178919762,4.6172938948306586,0.7065509508571663,7
