harm,share_A,share_B,share_diff_A_minus_B,lor,p,q,std_resid_A,std_resid_B,chi2_pair,chi2_p_value,chi2_df
diminished health and well-being,0.29411764705882354,0.25925925925925924,0.034858387799564294,0.1582240052148942,1.0,1.0,0.17042022784474095,-0.191239992523861,8.321428113729151,0.3051056947860658,7
opportunity loss,0.23529411764705882,0.2222222222222222,0.01307189542483661,0.059172188736120034,1.0,1.0,0.07042272923920045,-0.07902607796936005,8.321428113729151,0.3051056947860658,7
service or benefit loss,0.2647058823529412,0.1111111111111111,0.15359477124183007,0.958523495497428,0.19741954063742723,0.7896781625497089,0.8937665846354925,-1.0029555594743518,8.321428113729151,0.3051056947860658,7
economic loss,0.11764705882352941,0.07407407407407407,0.04357298474945534,0.4087384334531335,0.684771134896674,0.913028179862232,0.35857498598223947,-0.4023810935223045,8.321428113729151,0.3051056947860658,7
loss of agency or control,0.058823529411764705,0.1111111111111111,-0.0522875816993464,-0.6190392084062233,0.6469436710842749,0.913028179862232,-0.4713590601109712,0.528943683925829,8.321428113729151,0.3051056947860658,7
alienation,0.0,0.1111111111111111,-0.1111111111111111,-2.2881963555419462,0.08127257571547651,0.6501806057238121,-1.2931091011747553,1.4510846392394878,8.321428113729151,0.3051056947860658,7
technology-facilitated violence,0.029411764705882353,0.07407407407407407,-0.04466230936819172,-0.7836926104326309,0.5791330925257016,0.913028179862232,-0.5197791485114214,0.583279119694304,8.321428113729151,0.3051056947860658,7
privacy violation,0.0,0.037037037037037035,-0.037037037037037035,-1.3624268797132473,0.442622950819672,0.913028179862232,-0.7465768876547999,0.8377841070818491,8.321428113729151,0.3051056947860658,7
