harm,share_A,share_B,share_diff_A_minus_B,lor,p,q,std_resid_A,std_resid_B,chi2_pair,chi2_p_value,chi2_df
diminished health and well-being,0.17647058823529413,0.34375,-0.16727941176470587,-0.8523960106086006,0.16189406674378087,0.6937062937062936,-0.9318274524687356,0.9605057528447042,10.344445130993574,0.24167766544658262,8
alienation,0.20588235294117646,0.125,0.08088235294117646,0.5465437063680699,0.5130871185915715,0.9115384615384614,0.5601120336112038,-0.5773502691896256,10.344445130993574,0.24167766544658262,8
increased labor,0.17647058823529413,0.15625,0.02022058823529413,0.13133600206108675,1.0,1.0,0.14002800840280086,-0.14433756729740632,10.344445130993574,0.24167766544658262,8
service or benefit loss,0.11764705882352941,0.15625,-0.03860294117647059,-0.30421137440299156,0.7296684976596062,0.9381452112766365,-0.29554023164452453,0.30463589792247137,10.344445130993574,0.24167766544658262,8
loss of agency or control,0.17647058823529413,0.03125,0.14522058823529413,1.5664205273504097,0.10605296343001261,0.6937062937062936,1.26065613208818,-1.2994545975455438,10.344445130993574,0.24167766544658262,8
technology-facilitated violence,0.058823529411764705,0.0625,-0.003676470588235295,-0.06351340572232575,1.0,1.0,-0.042220033092074866,0.043519413988924414,10.344445130993574,0.24167766544658262,8
economic loss,0.029411764705882353,0.0625,-0.03308823529411765,-0.6046443789836455,0.6076923076923076,0.9115384615384614,-0.4387634544762784,0.4522670168666454,10.344445130993574,0.24167766544658262,8
privacy violation,0.058823529411764705,0.0,0.058823529411764705,1.6094379124341003,0.4927738927738927,0.9115384615384614,0.9553302944424515,-0.9847319278346619,10.344445130993574,0.24167766544658262,8
opportunity loss,0.0,0.0625,-0.0625,-1.7326705528580484,0.2312354312354312,0.6937062937062936,-1.0150384378451047,1.0462776733243282,10.344445130993574,0.24167766544658262,8
