harm,share_A,share_B,share_diff_A_minus_B,lor,p,q,std_resid_A,std_resid_B,chi2_pair,chi2_p_value,chi2_df
diminished health and well-being,0.19230769230769232,0.3142857142857143,-0.12197802197802196,-0.6069787607137149,0.38126740870556985,0.6703096539162114,-0.6968052208206577,0.6005705717978547,11.29823369091226,0.1261288977267296,7
increased labor,0.23076923076923078,0.17142857142857143,0.05934065934065935,0.3639653772014116,0.7460826911443919,0.8526659327364479,0.39142769041317715,-0.3373682412598625,11.29823369091226,0.1261288977267296,7
loss of agency or control,0.23076923076923078,0.11428571428571428,0.1164835164835165,0.7972874398125424,0.3002188158948717,0.6703096539162114,0.8416940822656763,-0.7254490654789041,11.29823369091226,0.1261288977267296,7
service or benefit loss,0.038461538461538464,0.22857142857142856,-0.1901098901098901,-1.6590935028799612,0.06526060366776983,0.5004182952614887,-1.4480156540777633,1.248032539591938,11.29823369091226,0.1261288977267296,7
economic loss,0.19230769230769232,0.05714285714285714,0.13516483516483518,1.231949864061674,0.12510457381537218,0.5004182952614887,1.1673591720194467,-1.0061370731515114,11.29823369091226,0.1261288977267296,7
alienation,0.07692307692307693,0.05714285714285714,0.019780219780219786,0.3128723212803396,1.0,1.0,0.22599088242832152,-0.1947796449074122,11.29823369091226,0.1261288977267296,7
opportunity loss,0.0,0.05714285714285714,-0.05714285714285714,-1.375037206595256,0.5027322404371586,0.6703096539162114,-0.9232870714969654,0.795773378117692,11.29823369091226,0.1261288977267296,7
privacy violation,0.038461538461538464,0.0,0.038461538461538464,1.4294665329850995,0.42622950819672134,0.6703096539162114,0.8788534316656945,-0.7574763968621588,11.29823369091226,0.1261288977267296,7
