harm,share_A,share_B,share_diff_A_minus_B,lor,p,q,std_resid_A,std_resid_B,chi2_pair,chi2_p_value,chi2_df
stereotyping,0.36,0.30434782608695654,0.055652173913043446,0.23638877806423053,0.7648129054942877,0.7648129054942877,0.23094010767585008,-0.2407717061715385,5.576347826086956,0.4722774833576485,6
erasure,0.08,0.17391304347826086,-0.09391304347826086,-0.7743726204825312,0.40726538017483094,0.7648129054942877,-0.6363961030678927,0.6634888026970371,5.576347826086956,0.4722774833576485,6
none,0.08,0.17391304347826086,-0.09391304347826086,-0.7743726204825312,0.40726538017483094,0.7648129054942877,-0.6363961030678927,0.6634888026970371,5.576347826086956,0.4722774833576485,6
reifying categories,0.2,0.043478260869565216,0.1565217391304348,1.3923734071962728,0.19078838858650832,0.7648129054942877,1.0606601717798212,-1.1058146711617285,5.576347826086956,0.4722774833576485,6
demeaning,0.08,0.13043478260869565,-0.05043478260869565,-0.4730477716269638,0.6601654846335696,0.7648129054942877,-0.37438839013338354,0.3903268789921699,5.576347826086956,0.4722774833576485,6
denying self-identity,0.08,0.13043478260869565,-0.05043478260869565,-0.4730477716269638,0.6601654846335696,0.7648129054942877,-0.37438839013338354,0.3903268789921699,5.576347826086956,0.4722774833576485,6
alienation,0.12,0.043478260869565216,0.07652173913043478,0.8472978603872037,0.6099290780141846,0.7648129054942877,0.6350852961085882,-0.6621221919717306,5.576347826086956,0.4722774833576485,6
