harm,share_A,share_B,share_diff_A_minus_B,lor,p,q,std_resid_A,std_resid_B,chi2_pair,chi2_p_value,chi2_df
diminished health and well-being,0.25925925925925924,0.2857142857142857,-0.026455026455026454,-0.12516314295400605,1.0,1.0,-0.1340050420345615,0.1315903389919537,8.028061830145164,0.4307337640033129,8
opportunity loss,0.2222222222222222,0.25,-0.02777777777777779,-0.14310084364067344,1.0,1.0,-0.15114173098063569,0.1484182334754461,8.028061830145164,0.4307337640033129,8
service or benefit loss,0.1111111111111111,0.17857142857142858,-0.06746031746031747,-0.4936578201436253,0.704873373019877,1.0,-0.4679096001787032,0.4594781059747353,8.028061830145164,0.4307337640033129,8
loss of agency or control,0.1111111111111111,0.07142857142857142,0.03968253968253968,0.41494385206270795,0.6694581777822621,1.0,0.34815531191139565,-0.3418817293789138,8.028061830145164,0.4307337640033129,8
economic loss,0.07407407407407407,0.10714285714285714,-0.03306878306878307,-0.33647223662121306,1.0,1.0,-0.29012942659282975,0.28490144114909494,8.028061830145164,0.4307337640033129,8
alienation,0.1111111111111111,0.0,0.1111111111111111,2.097141118779237,0.11149228130360206,1.0,1.2585064099313854,-1.2358287613066492,8.028061830145164,0.4307337640033129,8
increased labor,0.0,0.07142857142857142,-0.07142857142857142,-1.6464791841144497,0.49090909090909085,1.0,-0.9908673886137245,0.9730124597112039,8.028061830145164,0.4307337640033129,8
privacy violation,0.037037037037037035,0.03571428571428571,0.0013227513227513227,0.037041271680349076,1.0,1.0,0.01834939608543935,-0.018018749253911077,8.028061830145164,0.4307337640033129,8
technology-facilitated violence,0.07407407407407407,0.0,0.07407407407407407,1.7206635475443248,0.23636363636363633,1.0,1.027566180784603,-1.009049958219026,8.028061830145164,0.4307337640033129,8
