harm,share_A,share_B,share_diff_A_minus_B,lor,p,q,std_resid_A,std_resid_B,chi2_pair,chi2_p_value,chi2_df
diminished health and well-being,0.4074074074074074,0.25925925925925924,0.14814814814814814,0.6445085200647673,0.38690871682654016,1.0,0.6666666666666666,-0.6666666666666666,5.7131313131313135,0.5736159677494662,7
opportunity loss,0.18518518518518517,0.2222222222222222,-0.037037037037037035,-0.2125164587399235,1.0,1.0,-0.21320071635561041,0.21320071635561041,5.7131313131313135,0.5736159677494662,7
alienation,0.2222222222222222,0.1111111111111111,0.1111111111111111,0.7496593908232877,0.46715739688087193,1.0,0.7071067811865476,-0.7071067811865476,5.7131313131313135,0.5736159677494662,7
loss of agency or control,0.07407407407407407,0.1111111111111111,-0.037037037037037035,-0.3764775712349121,1.0,1.0,-0.31622776601683794,0.31622776601683794,5.7131313131313135,0.5736159677494662,7
service or benefit loss,0.07407407407407407,0.1111111111111111,-0.037037037037037035,-0.3764775712349121,1.0,1.0,-0.31622776601683794,0.31622776601683794,5.7131313131313135,0.5736159677494662,7
technology-facilitated violence,0.037037037037037035,0.07407407407407407,-0.037037037037037035,-0.5492919045937867,1.0,1.0,-0.4082482904638631,0.4082482904638631,5.7131313131313135,0.5736159677494662,7
economic loss,0.0,0.07407407407407407,-0.07407407407407407,-1.6849454649422455,0.49056603773584906,1.0,-1.0,1.0,5.7131313131313135,0.5736159677494662,7
privacy violation,0.0,0.037037037037037035,-0.037037037037037035,-1.135653560348459,1.0,1.0,-0.7071067811865475,0.7071067811865475,5.7131313131313135,0.5736159677494662,7
