harm,share_A,share_B,share_diff_A_minus_B,lor,p,q,std_resid_A,std_resid_B,chi2_pair,chi2_p_value,chi2_df
stereotyping,0.36,0.39285714285714285,-0.03285714285714286,-0.13221473673977568,1.0,1.0,-0.14128787687180894,0.13350449481111465,8.999282003710576,0.173618454542053,6
denying self-identity,0.08,0.32142857142857145,-0.24142857142857144,-1.5215870223127523,0.0431604195271043,0.3021229366897301,-1.3998529694907642,1.3227367247599464,8.999282003710576,0.173618454542053,6
reifying categories,0.2,0.07142857142857142,0.1285714285714286,1.0451772072120842,0.23436134791130425,0.5468431451263766,0.9345134369720971,-0.8830321968130009,8.999282003710576,0.173618454542053,6
erasure,0.08,0.10714285714285714,-0.027142857142857135,-0.2547942056069459,1.0,1.0,-0.23343214439690152,0.2205726436009718,8.999282003710576,0.173618454542053,6
alienation,0.12,0.03571428571428571,0.08428571428571428,1.0479685558493548,0.3330487492529668,0.5828353111926918,0.8104273272972652,-0.7657818441854685,8.999282003710576,0.173618454542053,6
demeaning,0.08,0.07142857142857142,0.008571428571428577,0.12014431184206321,1.0,1.0,0.08241633836921339,-0.07787611974767475,8.999282003710576,0.173618454542053,6
none,0.08,0.0,0.08,1.802341578558592,0.21770682148040635,0.5468431451263766,1.0878401658401358,-1.0279123375000931,8.999282003710576,0.173618454542053,6
