harm,share_A,share_B,share_diff_A_minus_B,lor,p,q,std_resid_A,std_resid_B,chi2_pair,chi2_p_value,chi2_df
diminished health and well-being,0.0967741935483871,0.34375,-0.2469758064516129,-1.471435219014824,0.03191018252359048,0.12764073009436191,-1.481668148335556,1.4583333333333335,12.846093750000001,0.0759482674737531,7
service or benefit loss,0.2903225806451613,0.15625,0.1340725806451613,0.7472144018302211,0.23744906391412318,0.6331975037709952,0.8043341376678731,-0.7916666666666665,12.846093750000001,0.0759482674737531,7
increased labor,0.12903225806451613,0.15625,-0.027217741935483875,-0.20067069546215124,1.0,1.0,-0.20365326999063932,0.2004459314343184,12.846093750000001,0.0759482674737531,7
alienation,0.12903225806451613,0.125,0.0040322580645161255,0.035718082602079246,1.0,1.0,0.03200102404915473,-0.031497039417435486,12.846093750000001,0.0759482674737531,7
loss of agency or control,0.22580645161290322,0.03125,0.19455645161290322,1.8607523407150064,0.026479786573964784,0.12764073009436191,1.5440494103717106,-1.5197321518912676,12.846093750000001,0.0759482674737531,7
technology-facilitated violence,0.0967741935483871,0.0625,0.034274193548387094,0.40429483295997404,0.6718665237698301,1.0,0.3440668197407191,-0.3386481059780781,12.846093750000001,0.0759482674737531,7
opportunity loss,0.03225806451612903,0.0625,-0.03024193548387097,-0.5108256237659905,1.0,1.0,-0.39193090083481036,0.38575837490522985,12.846093750000001,0.0759482674737531,7
economic loss,0.0,0.0625,-0.0625,-1.6416987746523217,0.4920634920634921,0.9841269841269842,-0.9920317455237933,0.9764082219405037,12.846093750000001,0.0759482674737531,7
