harm,share_A,share_B,share_diff_A_minus_B,lor,p,q,std_resid_A,std_resid_B,chi2_pair,chi2_p_value,chi2_df
demeaning,0.13043478260869565,0.391304347826087,-0.26086956521739135,-1.3448050668289608,0.09093364056495086,0.18992248062015504,-1.2247448713915892,1.2247448713915892,19.566666666666666,0.003306338460235254,6
alienation,0.043478260869565216,0.391304347826087,-0.34782608695652173,-2.2851933502821766,0.009782984258310408,0.06848088980817285,-1.7888543819998317,1.7888543819998317,19.566666666666666,0.003306338460235254,6
stereotyping,0.30434782608695654,0.043478260869565216,0.26086956521739135,1.91959284073794,0.0469770350655206,0.16441962272932212,1.5,-1.5,19.566666666666666,0.003306338460235254,6
erasure,0.17391304347826086,0.08695652173913043,0.08695652173913043,0.685425134466035,0.665154093401399,0.7760131089682988,0.5773502691896258,-0.5773502691896258,19.566666666666666,0.003306338460235254,6
denying self-identity,0.13043478260869565,0.043478260869565216,0.08695652173913043,0.9403882834532156,0.6077519379844961,0.7760131089682988,0.7071067811865475,-0.7071067811865475,19.566666666666666,0.003306338460235254,6
none,0.17391304347826086,0.0,0.17391304347826086,2.3838105329166317,0.10852713178294573,0.18992248062015504,1.414213562373095,-1.414213562373095,19.566666666666666,0.003306338460235254,6
reifying categories,0.043478260869565216,0.043478260869565216,0.0,0.0,1.0,1.0,0.0,0.0,19.566666666666666,0.003306338460235254,6
