harm,share_A,share_B,share_diff_A_minus_B,lor,p,q,std_resid_A,std_resid_B,chi2_pair,chi2_p_value,chi2_df
diminished health and well-being,0.24,0.29411764705882354,-0.05411764705882355,-0.25131442828090605,0.7701880117899822,1.0,-0.29943449525589483,0.25676296139623617,14.933585218702866,0.036860231292711224,7
opportunity loss,0.2,0.23529411764705882,-0.03529411764705881,-0.1785982244100314,1.0,1.0,-0.21664744340223582,0.18577365009112604,14.933585218702866,0.036860231292711224,7
service or benefit loss,0.04,0.2647058823529412,-0.22470588235294117,-1.8058213558846317,0.033773015080948966,0.13509206032379587,-1.572669111921901,1.3485526379596595,14.933585218702866,0.036860231292711224,7
economic loss,0.08,0.11764705882352941,-0.03764705882352941,-0.3270604024388663,1.0,1.0,-0.34015616220974965,0.29168150273238896,14.933585218702866,0.036860231292711224,7
loss of agency or control,0.12,0.058823529411764705,0.06117647058823529,0.7041970167465302,0.6414179809547247,1.0,0.6055114101291652,-0.5192217506239861,14.933585218702866,0.036860231292711224,7
alienation,0.16,0.0,0.16,2.6701309662399164,0.027794500863497145,0.13509206032379587,1.7705691893392048,-1.5182505543429623,14.933585218702866,0.036860231292711224,7
increased labor,0.12,0.0,0.12,2.373354163882253,0.0707496385616291,0.18866570283101092,1.5333578971257709,-1.3148435493708115,14.933585218702866,0.036860231292711224,7
technology-facilitated violence,0.04,0.029411764705882353,0.010588235294117648,0.3128723212803394,1.0,1.0,0.16570343122169823,-0.14208952003890138,14.933585218702866,0.036860231292711224,7
