harm,share_A,share_B,share_diff_A_minus_B,lor,p,q,std_resid_A,std_resid_B,chi2_pair,chi2_p_value,chi2_df
diminished health and well-being,0.3611111111111111,0.19230769230769232,0.1688034188034188,0.8089941071894625,0.1696506018883442,0.6786024075533768,0.7882677144508455,-0.9275521056738568,10.05265259431926,0.18560927791464793,7
increased labor,0.1388888888888889,0.23076923076923078,-0.09188034188034189,-0.5966167443503912,0.5023847258952687,0.8038155614324299,-0.5488516997650298,0.6458320447316435,10.05265259431926,0.18560927791464793,7
loss of agency or control,0.1388888888888889,0.23076923076923078,-0.09188034188034189,-0.5966167443503912,0.5023847258952687,0.8038155614324299,-0.5488516997650298,0.6458320447316435,10.05265259431926,0.18560927791464793,7
alienation,0.1111111111111111,0.07692307692307693,0.03418803418803418,0.3052196931171085,1.0,1.0,0.27652045192811336,-0.3253807339128336,10.05265259431926,0.18560927791464793,7
economic loss,0.027777777777777776,0.19230769230769232,-0.16452991452991456,-1.800762745478014,0.07395099748564117,0.5916079798851294,-1.3307546749040458,1.565894781955512,10.05265259431926,0.18560927791464793,7
service or benefit loss,0.08333333333333333,0.038461538461538464,0.044871794871794865,0.5744308737205633,0.6329625612849449,0.8439500817132598,0.44450044450066667,-0.5230422554560539,10.05265259431926,0.18560927791464793,7
opportunity loss,0.08333333333333333,0.0,0.08333333333333333,1.711509443216469,0.2575356953992597,0.6867618543980258,0.9532062476387965,-1.1216347516589489,10.05265259431926,0.18560927791464793,7
privacy violation,0.05555555555555555,0.038461538461538464,0.01709401709401709,0.20854475189305718,1.0,1.0,0.19552948669513773,-0.2300789234172203,10.05265259431926,0.18560927791464793,7
