harm,share_A,share_B,share_diff_A_minus_B,lor,p,q,std_resid_A,std_resid_B,chi2_pair,chi2_p_value,chi2_df
diminished health and well-being,0.3611111111111111,0.28125,0.0798611111111111,0.35139788683788875,0.6052982169583565,1.0,0.39643389566284815,-0.4204816438731003,4.197411616161617,0.7567794491543612,7
increased labor,0.1388888888888889,0.1875,-0.048611111111111105,-0.3398968975025772,0.7441463041940786,1.0,-0.34126046459266085,0.3619613829965133,4.197411616161617,0.7567794491543612,7
service or benefit loss,0.08333333333333333,0.21875,-0.13541666666666669,-1.0350070387135373,0.1719982811911333,1.0,-0.9970544855015815,1.0575359818659489,4.197411616161617,0.7567794491543612,7
loss of agency or control,0.1388888888888889,0.15625,-0.017361111111111105,-0.1358015411590619,1.0,1.0,-0.12782749814122835,0.13558153613666005,4.197411616161617,0.7567794491543612,7
alienation,0.1111111111111111,0.0625,0.048611111111111105,0.5242732591797933,0.6764429600250497,1.0,0.4620688533891148,-0.49009802940980357,4.197411616161617,0.7567794491543612,7
opportunity loss,0.08333333333333333,0.03125,0.05208333333333333,0.7857399673877702,0.6162994161238237,1.0,0.6063390625908325,-0.6431196942844081,4.197411616161617,0.7567794491543612,7
privacy violation,0.05555555555555555,0.03125,0.024305555555555552,0.41985384556026406,1.0,1.0,0.32673201960653575,-0.3465516400418361,4.197411616161617,0.7567794491543612,7
economic loss,0.027777777777777776,0.03125,-0.0034722222222222238,-0.11954515064978269,1.0,1.0,-0.05716619504750295,0.060633906259083256,4.197411616161617,0.7567794491543612,7
