harm,share_A,share_B,share_diff_A_minus_B,lor,p,q,std_resid_A,std_resid_B,chi2_pair,chi2_p_value,chi2_df
diminished health and well-being,0.19230769230769232,0.28125,-0.08894230769230768,-0.4575962203515737,0.5429640765431656,1.0,-0.5092922073642996,0.4590697919615551,8.874716429403929,0.2617765340520083,7
increased labor,0.23076923076923078,0.1875,0.04326923076923078,0.25671984684781407,0.7517298706759005,1.0,0.26761546505252365,-0.2412253203385038,8.874716429403929,0.2617765340520083,7
loss of agency or control,0.23076923076923078,0.15625,0.07451923076923078,0.46081520319132924,0.517204299793403,1.0,0.4813873528229852,-0.4339166959907869,8.874716429403929,0.2617765340520083,7
service or benefit loss,0.038461538461538464,0.21875,-0.18028846153846154,-1.6094379124341005,0.0629395869389343,0.3203313976864639,-1.3656694513673058,1.2309978080598991,8.874716429403929,0.2617765340520083,7
economic loss,0.19230769230769232,0.03125,0.16105769230769232,1.6812175948282313,0.08008284942161598,0.3203313976864639,1.408732397329453,-1.2698142229946632,8.874716429403929,0.2617765340520083,7
alienation,0.07692307692307693,0.0625,0.014423076923076927,0.21905356606268467,1.0,1.0,0.1545078607873814,-0.13927150363278887,8.874716429403929,0.2617765340520083,7
privacy violation,0.038461538461538464,0.03125,0.007211538461538464,0.21130909366720696,1.0,1.0,0.10925355610938445,-0.09847982464479191,8.874716429403929,0.2617765340520083,7
opportunity loss,0.0,0.03125,-0.03125,-0.9257694758286987,1.0,1.0,-0.6695340634119862,0.6035098490754186,8.874716429403929,0.2617765340520083,7
