harm,share_A,share_B,share_diff_A_minus_B,lor,p,q,std_resid_A,std_resid_B,chi2_pair,chi2_p_value,chi2_df
diminished health and well-being,0.17647058823529413,0.27586206896551724,-0.09939148073022311,-0.550115138735667,0.3781356934725423,1.0,-0.5659164584181102,0.6127633533453719,7.728478240826112,0.4604325935810206,8
loss of agency or control,0.17647058823529413,0.20689655172413793,-0.0304259634888438,-0.1929036661244917,1.0,1.0,-0.18712029714127995,0.202610224618277,7.728478240826112,0.4604325935810206,8
increased labor,0.17647058823529413,0.1724137931034483,0.004056795131845842,0.01582311493924266,1.0,1.0,0.026058770166470048,-0.028215930379365557,7.728478240826112,0.4604325935810206,8
alienation,0.20588235294117646,0.034482758620689655,0.1713995943204868,1.6451559950361796,0.059780539135066486,0.5380248522155984,1.2910170499813978,-1.3978881953423934,7.728478240826112,0.4604325935810206,8
service or benefit loss,0.11764705882352941,0.06896551724137931,0.0486815415821501,0.4842459859612787,0.6781901782753273,1.0,0.4234048992199705,-0.4584546040490022,7.728478240826112,0.4604325935810206,8
privacy violation,0.058823529411764705,0.10344827586206896,-0.04462474645030426,-0.5405675929647281,0.6543524137031296,1.0,-0.425165426145129,0.46036086842118606,7.728478240826112,0.4604325935810206,8
technology-facilitated violence,0.058823529411764705,0.034482758620689655,0.02434077079107505,0.3794896217049038,1.0,1.0,0.29939247542604785,-0.3241763593892431,7.728478240826112,0.4604325935810206,8
economic loss,0.029411764705882353,0.034482758620689655,-0.005070993914807302,-0.1616413515564159,1.0,1.0,-0.07639154141901755,0.08271527783091091,7.728478240826112,0.4604325935810206,8
opportunity loss,0.0,0.06896551724137931,-0.06896551724137931,-1.836211231798889,0.20788530465949825,0.9354838709677421,-1.0389249632986395,1.124927778500388,7.728478240826112,0.4604325935810206,8
