harm,share_A,share_B,share_diff_A_minus_B,lor,p,q,std_resid_A,std_resid_B,chi2_pair,chi2_p_value,chi2_df
diminished health and well-being,0.24,0.25925925925925924,-0.019259259259259254,-0.09309042306601198,1.0,1.0,-0.1,0.09622504486493763,5.575347122013788,0.694678631390039,8
opportunity loss,0.2,0.2222222222222222,-0.0222222222222222,-0.1194260356739114,1.0,1.0,-0.12543630150106355,0.12070113739631684,5.575347122013788,0.694678631390039,8
alienation,0.16,0.1111111111111111,0.0488888888888889,0.38193461069797036,0.6982835687466475,1.0,0.345933996118233,-0.3328751429678413,5.575347122013788,0.694678631390039,8
loss of agency or control,0.12,0.1111111111111111,0.00888888888888889,0.08515780834030696,1.0,1.0,0.06793662204867576,-0.06537204504606137,5.575347122013788,0.694678631390039,8
economic loss,0.08,0.07407407407407407,0.005925925925925932,0.0816780310142673,1.0,1.0,0.055470019622522876,-0.05337605126836249,5.575347122013788,0.694678631390039,8
service or benefit loss,0.04,0.1111111111111111,-0.0711111111111111,-0.8472978603872036,0.6110444177671068,1.0,-0.665640235470275,0.6405126152203484,5.575347122013788,0.694678631390039,8
increased labor,0.12,0.0,0.12,2.1465808445174646,0.10407239819004525,0.9366515837104072,1.2970380458212059,-1.2480754415067654,5.575347122013788,0.694678631390039,8
technology-facilitated violence,0.04,0.07407407407407407,-0.03407407407407407,-0.47082028915229146,1.0,1.0,-0.3682947537517004,0.3543917920327852,5.575347122013788,0.694678631390039,8
privacy violation,0.0,0.037037037037037035,-0.037037037037037035,-1.0601460078403138,1.0,1.0,-0.6933752452815365,0.6672006408545297,5.575347122013788,0.694678631390039,8
