harm,share_A,share_B,share_diff_A_minus_B,lor,p,q,std_resid_A,std_resid_B,chi2_pair,chi2_p_value,chi2_df
diminished health and well-being,0.3611111111111111,0.26666666666666666,0.09444444444444444,0.4191384100083743,0.4403706915331427,0.8216450885023698,0.45663301294771536,-0.5002164033860246,4.265992063492064,0.7486811612668536,7
loss of agency or control,0.1388888888888889,0.23333333333333334,-0.09444444444444444,-0.6031420529853136,0.35496505439545184,0.8216450885023698,-0.6040686963408963,0.6617241025372947,4.265992063492064,0.7486811612668536,7
increased labor,0.1388888888888889,0.1,0.03888888888888889,0.3161835825839955,0.7189394524395736,0.8216450885023698,0.30463589792247137,-0.33371190623595726,4.265992063492064,0.7486811612668536,7
opportunity loss,0.08333333333333333,0.13333333333333333,-0.05,-0.48571513411975037,0.6929153276654599,0.8216450885023698,-0.418717894679312,0.45868247229386305,4.265992063492064,0.7486811612668536,7
service or benefit loss,0.08333333333333333,0.13333333333333333,-0.05,-0.48571513411975037,0.6929153276654599,0.8216450885023698,-0.418717894679312,0.45868247229386305,4.265992063492064,0.7486811612668536,7
alienation,0.1111111111111111,0.03333333333333333,0.07777777777777778,1.001762462678192,0.36625874125874136,0.8216450885023698,0.7706746355884525,-0.8442317648177382,4.265992063492064,0.7486811612668536,7
economic loss,0.027777777777777776,0.06666666666666667,-0.03888888888888889,-0.7304542329727559,0.5869755244755246,0.8216450885023698,-0.49746833816309105,0.5449492609130662,4.265992063492064,0.7486811612668536,7
privacy violation,0.05555555555555555,0.03333333333333333,0.02222222222222222,0.3542565630744507,1.0,1.0,0.2842676218074805,-0.31139957766460913,4.265992063492064,0.7486811612668536,7
