harm,share_A,share_B,share_diff_A_minus_B,lor,p,q,std_resid_A,std_resid_B,chi2_pair,chi2_p_value,chi2_df
opportunity loss,0.3870967741935484,0.36363636363636365,0.02346041055718473,0.09763846956391607,1.0,1.0,0.10998533626601498,-0.10660035817780522,10.233207652562491,0.17573850099336435,7
diminished health and well-being,0.12903225806451613,0.24242424242424243,-0.1133919843597263,-0.7114963192281418,0.3406515010967367,1.0,-0.7517899786795583,0.7286524160629287,10.233207652562491,0.17573850099336435,7
economic loss,0.3225806451612903,0.06060606060606061,0.2619745845552297,1.817019135987293,0.00995906438442197,0.07967251507537576,1.7368940886734623,-1.6834383405591802,10.233207652562491,0.17573850099336435,7
increased labor,0.06451612903225806,0.15151515151515152,-0.08699902248289346,-0.8229435364354395,0.4275608965453366,1.0,-0.7552142095486204,0.731971260642743,10.233207652562491,0.17573850099336435,7
loss of agency or control,0.06451612903225806,0.06060606060606061,0.003910068426197455,0.06559728248581327,1.0,1.0,0.04490132550669373,-0.04351941398892446,10.233207652562491,0.17573850099336435,7
alienation,0.03225806451612903,0.06060606060606061,-0.028347996089931576,-0.4785647615477691,1.0,1.0,-0.37589498933977916,0.36432620803146437,10.233207652562491,0.17573850099336435,7
privacy violation,0.0,0.030303030303030304,-0.030303030303030304,-1.0673597451640053,1.0,1.0,-0.6959705453537528,0.6745509168283291,10.233207652562491,0.17573850099336435,7
service or benefit loss,0.0,0.030303030303030304,-0.030303030303030304,-1.0673597451640053,1.0,1.0,-0.6959705453537528,0.6745509168283291,10.233207652562491,0.17573850099336435,7
