harm,share_A,share_B,share_diff_A_minus_B,lor,p,q,std_resid_A,std_resid_B,chi2_pair,chi2_p_value,chi2_df
opportunity loss,0.24242424242424243,0.15625,0.08617424242424243,0.5108256237659906,0.5372281774177037,0.9773550082700281,0.5449492609130662,-0.5533985905294665,5.322627314814815,0.6206553862583882,7
increased labor,0.15151515151515152,0.21875,-0.06723484848484848,-0.421380563414064,0.5372281774177036,0.9773550082700281,-0.4425415752706696,0.44940309414337687,5.322627314814815,0.6206553862583882,7
loss of agency or control,0.18181818181818182,0.1875,-0.005681818181818177,-0.0370412716803491,1.0,1.0,-0.037397879600338156,0.03797772626563736,5.322627314814815,0.6206553862583882,7
diminished health and well-being,0.12121212121212122,0.15625,-0.035037878787878785,-0.27087495413539975,0.7330162562025211,0.9773550082700281,-0.26629733553731033,0.2704262226196672,5.322627314814815,0.6206553862583882,7
service or benefit loss,0.18181818181818182,0.0625,0.11931818181818182,1.0590521239682766,0.25756014847429126,0.9773550082700281,0.9618600860701236,-0.9767735348900167,5.322627314814815,0.6206553862583882,7
alienation,0.06060606060606061,0.09375,-0.03314393939393939,-0.4020695191070263,0.6723713445024919,0.9773550082700281,-0.3379631847096872,0.34320323649182194,5.322627314814815,0.6206553862583882,7
economic loss,0.06060606060606061,0.0625,-0.0018939393939393923,-0.032260862218221435,1.0,1.0,-0.021591675854376446,0.021926450482675653,5.322627314814815,0.6206553862583882,7
privacy violation,0.0,0.0625,-0.0625,-1.703256667651755,0.23846153846153842,0.9773550082700281,-1.007662947311558,1.0232865603609698,5.322627314814815,0.6206553862583882,7
