harm,share_A,share_B,share_diff_A_minus_B,lor,p,q,std_resid_A,std_resid_B,chi2_pair,chi2_p_value,chi2_df
loss of agency or control,0.26666666666666666,0.1875,0.07916666666666666,0.4318934103764813,0.5495814754165834,1.0,0.4709698461750437,-0.4560145927004533,5.074830586080585,0.6508316370365861,7
increased labor,0.2,0.21875,-0.01874999999999999,-0.10309550902697412,1.0,1.0,-0.1157562254139463,0.11208048331201143,5.074830586080585,0.6508316370365861,7
opportunity loss,0.16666666666666666,0.15625,0.010416666666666657,0.0755075525081451,1.0,1.0,0.07332355751067658,-0.07099522928088303,5.074830586080585,0.6508316370365861,7
diminished health and well-being,0.06666666666666667,0.15625,-0.08958333333333333,-0.8241754429663495,0.4267413462803994,1.0,-0.7536903576044537,0.7297575507997905,5.074830586080585,0.6508316370365861,7
economic loss,0.16666666666666666,0.0625,0.10416666666666666,0.9675055918132558,0.24862169316038074,1.0,0.8763841367493647,-0.8485552916276633,5.074830586080585,0.6508316370365861,7
alienation,0.06666666666666667,0.09375,-0.027083333333333334,-0.3019860605500438,1.0,1.0,-0.26960744062991066,0.2610462818933122,5.074830586080585,0.6508316370365861,7
service or benefit loss,0.06666666666666667,0.0625,0.004166666666666666,0.06782259633876109,1.0,1.0,0.04637388957601679,-0.044901325506693686,5.074830586080585,0.6508316370365861,7
privacy violation,0.0,0.0625,-0.0625,-1.6094379124341003,0.49233209941829714,1.0,-0.9837387536759294,0.9525009525014287,5.074830586080585,0.6508316370365861,7
