harm,share_A,share_B,share_diff_A_minus_B,lor,p,q,std_resid_A,std_resid_B,chi2_pair,chi2_p_value,chi2_df
opportunity loss,0.25,0.3125,-0.0625,-0.29646690200751374,0.7815649193783852,1.0,-0.3333333333333333,0.3333333333333333,8.86031746031746,0.3542162045093186,8
service or benefit loss,0.25,0.21875,0.03125,0.1651684775677051,1.0,1.0,0.18257418583505536,-0.18257418583505536,8.86031746031746,0.3542162045093186,8
increased labor,0.0625,0.15625,-0.09375,-0.8919980393051106,0.4257664165972029,1.0,-0.8017837257372732,0.8017837257372732,8.86031746031746,0.3542162045093186,8
diminished health and well-being,0.125,0.09375,0.03125,0.2858006043520754,1.0,1.0,0.2672612419124244,-0.2672612419124244,8.86031746031746,0.3542162045093186,8
economic loss,0.09375,0.125,-0.03125,-0.28580060435207527,1.0,1.0,-0.2672612419124244,0.2672612419124244,8.86031746031746,0.3542162045093186,8
alienation,0.125,0.0,0.125,2.328560579397306,0.11319281811085091,1.0,1.414213562373095,-1.414213562373095,8.86031746031746,0.3542162045093186,8
loss of agency or control,0.03125,0.09375,-0.0625,-0.912895142873017,0.6128024980483998,1.0,-0.7071067811865475,0.7071067811865475,8.86031746031746,0.3542162045093186,8
privacy violation,0.03125,0.0,0.03125,1.129864832172214,1.0,1.0,0.7071067811865475,-0.7071067811865475,8.86031746031746,0.3542162045093186,8
technology-facilitated violence,0.03125,0.0,0.03125,1.129864832172214,1.0,1.0,0.7071067811865475,-0.7071067811865475,8.86031746031746,0.3542162045093186,8
