harm,share_A,share_B,share_diff_A_minus_B,lor,p,q,std_resid_A,std_resid_B,chi2_pair,chi2_p_value,chi2_df
demeaning,0.26666666666666666,0.1935483870967742,0.07311827956989247,0.3934271295486854,0.5541454914609827,0.7144577197369638,0.4248340815864938,-0.4179257499389554,6.026740254966063,0.4202012983777081,6
stereotyping,0.16666666666666666,0.25806451612903225,-0.0913978494623656,-0.5169961022721128,0.533933420407214,0.7144577197369638,-0.5510889521730862,0.5421275589753257,6.026740254966063,0.4202012983777081,6
denying self-identity,0.16666666666666666,0.12903225806451613,0.03763440860215053,0.27617824797029633,0.7314914971791966,0.7314914971791966,0.2727226729571076,-0.2682878623939931,6.026740254966063,0.4202012983777081,6
erasure,0.06666666666666667,0.1935483870967742,-0.12688172043010754,-1.0667370801376606,0.25540587430586104,0.7144577197369638,-0.9752399172382472,0.9593813007189699,6.026740254966063,0.4202012983777081,6
alienation,0.16666666666666666,0.06451612903225806,0.1021505376344086,0.9341691715456639,0.2554058743058611,0.7144577197369638,0.8393614910897653,-0.8257124271282155,6.026740254966063,0.4202012983777081,6
none,0.13333333333333333,0.06451612903225806,0.06881720430107527,0.6950321952557165,0.42482195346660623,0.7144577197369638,0.6107715566014593,-0.600839649871827,6.026740254966063,0.4202012983777081,6
reifying categories,0.03333333333333333,0.0967741935483871,-0.06344086021505377,-0.8817840364583728,0.6123923312031119,0.7144577197369638,-0.6895987587629719,0.678385023481954,6.026740254966063,0.4202012983777081,6
