harm,share_A,share_B,share_diff_A_minus_B,lor,p,q,std_resid_A,std_resid_B,chi2_pair,chi2_p_value,chi2_df
opportunity loss,0.24242424242424243,0.22580645161290322,0.01661779081133921,0.08515780834030677,1.0,1.0,0.09551164718229263,-0.09854451534903576,11.355371336603008,0.12385155176172279,7
service or benefit loss,0.18181818181818182,0.16129032258064516,0.020527859237536666,0.13001281298281714,1.0,1.0,0.13777676878388798,-0.14215171978189411,11.355371336603008,0.12385155176172279,7
diminished health and well-being,0.12121212121212122,0.1935483870967742,-0.07233626588465297,-0.5134365913067109,0.5037035141340431,0.805925622614469,-0.5091957413709418,0.5253646966785349,11.355371336603008,0.12385155176172279,7
alienation,0.06060606060606061,0.22580645161290322,-0.1652003910068426,-1.349926716949016,0.07762651279490754,0.4219690654811521,-1.2257968273547055,1.26472066843854,11.355371336603008,0.12385155176172279,7
increased labor,0.15151515151515152,0.0967741935483871,0.054740957966764425,0.4519851237430572,0.7091053557762144,0.9454738077016192,0.43082021842766455,-0.4445004445006667,11.355371336603008,0.12385155176172279,7
loss of agency or control,0.18181818181818182,0.03225806451612903,0.1495601173020528,1.5698777477342674,0.10549226637028802,0.4219690654811521,1.2583326166105582,-1.298289596190325,11.355371336603008,0.12385155176172279,7
economic loss,0.06060606060606061,0.0,0.06060606060606061,1.6094379124341003,0.49255952380952384,0.805925622614469,0.9539590550898286,-0.9842509842514764,11.355371336603008,0.12385155176172279,7
technology-facilitated violence,0.0,0.06451612903225806,-0.06451612903225806,-1.736593087919347,0.23065476190476195,0.6150793650793652,-1.0155048005794949,1.0477510477515717,11.355371336603008,0.12385155176172279,7
