harm,share_A,share_B,share_diff_A_minus_B,lor,p,q,std_resid_A,std_resid_B,chi2_pair,chi2_p_value,chi2_df
opportunity loss,0.21739130434782608,0.3333333333333333,-0.11594202898550723,-0.540078166603428,0.3905602093696815,0.520746945826242,-0.632057877644,0.5052071823605377,10.70505700450287,0.1520117357870273,7
service or benefit loss,0.30434782608695654,0.1111111111111111,0.19323671497584544,1.1887053321951475,0.0891347000541726,0.520746945826242,1.309585073057902,-1.046758229305146,10.70505700450287,0.1520117357870273,7
diminished health and well-being,0.21739130434782608,0.1111111111111111,0.10628019323671498,0.7641400527135639,0.291739641508675,0.520746945826242,0.7962904250369245,-0.6364791203506943,10.70505700450287,0.1520117357870273,7
increased labor,0.043478260869565216,0.16666666666666666,-0.12318840579710144,-1.1621256943904354,0.22929837910391918,0.520746945826242,-1.0465530023134166,0.8365153132187089,10.70505700450287,0.1520117357870273,7
alienation,0.08695652173913043,0.1111111111111111,-0.024154589371980673,-0.17459951070004445,1.0,1.0,-0.22164832140959131,0.17716466781757795,10.70505700450287,0.1520117357870273,7
economic loss,0.08695652173913043,0.05555555555555555,0.03140096618357488,0.47290638890369696,0.6391768433356918,0.7304878209550764,0.3529014383686369,-0.2820759737917851,10.70505700450287,0.1520117357870273,7
loss of agency or control,0.0,0.1111111111111111,-0.1111111111111111,-1.8729849091506408,0.1488818481036021,0.520746945826242,-1.248728166535177,0.9981149841863162,10.70505700450287,0.1520117357870273,7
technology-facilitated violence,0.043478260869565216,0.0,0.043478260869565216,1.582409240046181,0.38983050847457623,0.520746945826242,0.9772655216362254,-0.7811334658849433,10.70505700450287,0.1520117357870273,7
