harm,share_A,share_B,share_diff_A_minus_B,lor,p,q,std_resid_A,std_resid_B,chi2_pair,chi2_p_value,chi2_df
opportunity loss,0.3870967741935484,0.2857142857142857,0.10138248847926268,0.44261737373945725,0.4395733225329441,0.7692533144326522,0.5184758473652125,-0.48795003647426644,12.008900592495062,0.06177053744686141,6
economic loss,0.3225806451612903,0.11428571428571428,0.20829493087557605,1.2292324710851739,0.06819790257061671,0.2386926589971585,1.3353392256827388,-1.2567197241464583,12.008900592495062,0.06177053744686141,6
loss of agency or control,0.06451612903225806,0.2,-0.13548387096774195,-1.133098464739279,0.15637222946544982,0.36486853541938286,-1.0832863362991858,1.019506713756187,12.008900592495062,0.06177053744686141,6
diminished health and well-being,0.12903225806451613,0.08571428571428572,0.04331797235023041,0.41836851294407224,0.6977896875437861,0.9769055625613007,0.3927317594534418,-0.3696092640067067,12.008900592495062,0.06177053744686141,6
service or benefit loss,0.0,0.17142857142857143,-0.17142857142857143,-2.63054663994735,0.025968225763307727,0.18177758034315408,-1.6787441193290353,1.5799062934566392,12.008900592495062,0.06177053744686141,6
increased labor,0.06451612903225806,0.08571428571428572,-0.021198156682027652,-0.2396224106312954,1.0,1.0,-0.22739976898946362,0.2140113683916484,12.008900592495062,0.06177053744686141,6
alienation,0.03225806451612903,0.05714285714285714,-0.02488479262672811,-0.41700686854833585,1.0,1.0,-0.34462781148036764,0.3243374865704013,12.008900592495062,0.06177053744686141,6
