harm,share_A,share_B,share_diff_A_minus_B,lor,p,q,std_resid_A,std_resid_B,chi2_pair,chi2_p_value,chi2_df
demeaning,0.2857142857142857,0.30303030303030304,-0.01731601731601734,-0.07473355866145609,1.0,1.0,-0.09125145477722076,0.08405466907350395,17.89626076785168,0.006496742007414071,6
reifying categories,0.03571428571428571,0.30303030303030304,-0.26731601731601734,-2.1030957325777258,0.007748930779805371,0.05424251545863759,-1.8020078456879152,1.6598877629616318,17.89626076785168,0.006496742007414071,6
alienation,0.07142857142857142,0.24242424242424243,-0.170995670995671,-1.2622417124499117,0.09207187403631933,0.16112577956355884,-1.2089634013711088,1.113615326707028,17.89626076785168,0.006496742007414071,6
denying self-identity,0.14285714285714285,0.06060606060606061,0.08225108225108224,0.8391010931830252,0.3995246713520443,0.466112116577385,0.7507477407089197,-0.6915380478813112,17.89626076785168,0.006496742007414071,6
none,0.17857142857142858,0.030303030303030304,0.14826839826839827,1.6235226523158393,0.08514212205548123,0.16112577956355884,1.3533215852252893,-1.246588323154469,17.89626076785168,0.006496742007414071,6
stereotyping,0.17857142857142858,0.030303030303030304,0.14826839826839827,1.6235226523158393,0.08514212205548123,0.16112577956355884,1.3533215852252893,-1.246588323154469,17.89626076785168,0.006496742007414071,6
erasure,0.10714285714285714,0.030303030303030304,0.07683982683982683,1.089859497558515,0.3248086154199921,0.45473206158798896,0.8589827053300934,-0.7912367776782879,17.89626076785168,0.006496742007414071,6
