harm,share_A,share_B,share_diff_A_minus_B,lor,p,q,std_resid_A,std_resid_B,chi2_pair,chi2_p_value,chi2_df
opportunity loss,0.21875,0.36363636363636365,-0.14488636363636365,-0.6814511407967541,0.2767681691412376,0.6227283805677846,-0.7696317274849168,0.7578809347289432,10.312369465329992,0.2437825082085372,8
diminished health and well-being,0.1875,0.24242424242424243,-0.05492424242424243,-0.30673026742247533,0.7642483167976979,0.9826049787398973,-0.3398852424304093,0.3346958500210484,10.312369465329992,0.2437825082085372,8
alienation,0.15625,0.06060606060606061,0.09564393939393939,0.9242589015233321,0.2575601484742912,0.6227283805677846,0.8370293494663922,-0.8242495249542332,10.312369465329992,0.2437825082085372,8
service or benefit loss,0.1875,0.030303030303030304,0.1571969696969697,1.6704324251369422,0.05392523564237928,0.4853271207814135,1.3757116040734763,-1.3547071400237893,10.312369465329992,0.2437825082085372,8
increased labor,0.03125,0.15151515151515152,-0.12026515151515152,-1.3993664426872434,0.19678136071578695,0.6227283805677846,-1.1368323625375998,1.119475123986484,10.312369465329992,0.2437825082085372,8
loss of agency or control,0.09375,0.06060606060606061,0.03314393939393939,0.4020695191070263,0.6723713445024919,0.9826049787398973,0.34320323649182194,-0.3379631847096872,10.312369465329992,0.2437825082085372,8
economic loss,0.0625,0.06060606060606061,0.0018939393939393923,0.03226086221822148,1.0,1.0,0.021926450482675653,-0.021591675854376446,10.312369465329992,0.2437825082085372,8
privacy violation,0.03125,0.030303030303030304,0.0009469696969696961,0.031252543504104315,1.0,1.0,0.015504341823651003,-0.01526762041381143,10.312369465329992,0.2437825082085372,8
technology-facilitated violence,0.03125,0.0,0.03125,1.160170181667543,0.4923076923076923,0.8861538461538461,0.7235728659282991,-0.7125253031944252,10.312369465329992,0.2437825082085372,8
