harm,share_A,share_B,share_diff_A_minus_B,lor,p,q,std_resid_A,std_resid_B,chi2_pair,chi2_p_value,chi2_df
opportunity loss,0.21212121212121213,0.2857142857142857,-0.07359307359307357,-0.374938517449009,0.5799845058112664,0.7166092613853806,-0.4351941398892446,0.4225771273642583,5.5125863458331015,0.4799367808484921,6
service or benefit loss,0.24242424242424243,0.17142857142857143,0.070995670995671,0.413975797776073,0.5553591630039504,0.7166092613853806,0.4626349175886354,-0.4492223506106027,5.5125863458331015,0.4799367808484921,6
economic loss,0.21212121212121213,0.11428571428571428,0.09783549783549784,0.6836684366054016,0.3346933658380038,0.7166092613853806,0.7192347704325689,-0.6983829406968495,5.5125863458331015,0.4799367808484921,6
loss of agency or control,0.09090909090909091,0.2,-0.1090909090909091,-0.8299626483856578,0.3071120342460226,0.7166092613853806,-0.8411222449894203,0.816736691675727,5.5125863458331015,0.4799367808484921,6
increased labor,0.18181818181818182,0.08571428571428572,0.09610389610389611,0.7860932930693896,0.29856392689766803,0.7166092613853806,0.781070612203386,-0.7584260570639788,5.5125863458331015,0.4799367808484921,6
diminished health and well-being,0.030303030303030304,0.08571428571428572,-0.05541125541125541,-0.8472978603872037,0.6142365097588978,0.7166092613853806,-0.6755205294731985,0.6559360493526304,5.5125863458331015,0.4799367808484921,6
alienation,0.030303030303030304,0.05714285714285714,-0.026839826839826837,-0.4805202742706617,1.0,1.0,-0.37782408579901744,0.3668703279566419,5.5125863458331015,0.4799367808484921,6
