harm,share_A,share_B,share_diff_A_minus_B,lor,p,q,std_resid_A,std_resid_B,chi2_pair,chi2_p_value,chi2_df
opportunity loss,0.24242424242424243,0.20588235294117646,0.03654188948306597,0.20067069546215124,0.7756840327739293,0.8864960374559192,0.22513543505810002,-0.221799910884218,8.096835042556966,0.32413263409292176,7
loss of agency or control,0.18181818181818182,0.14705882352941177,0.034759358288770054,0.23725834333641466,0.7516121388550822,0.8864960374559192,0.25007708198623013,-0.24637203150368975,8.096835042556966,0.32413263409292176,7
increased labor,0.15151515151515152,0.14705882352941177,0.00445632798573975,0.03448617607116919,1.0,1.0,0.0336260328604785,-0.03312784186958036,8.096835042556966,0.32413263409292176,7
economic loss,0.06060606060606061,0.17647058823529413,-0.11586452762923352,-1.055594903584419,0.258537075028389,0.7880597014925375,-0.9774712387657253,0.9629893827871845,8.096835042556966,0.32413263409292176,7
service or benefit loss,0.18181818181818182,0.058823529411764705,0.12299465240641712,1.1225655296906025,0.1496640379439499,0.7880597014925375,1.0376233149974625,-1.0222502678817806,8.096835042556966,0.32413263409292176,7
alienation,0.06060606060606061,0.14705882352941177,-0.08645276292335116,-0.8540546428500835,0.42747799464217373,0.7880597014925375,-0.7797014519692848,0.7681496807397432,8.096835042556966,0.32413263409292176,7
diminished health and well-being,0.12121212121212122,0.058823529411764705,0.06238859180035651,0.6846364908920367,0.42747799464217384,0.7880597014925375,0.6077543045823938,-0.5987500393311581,8.096835042556966,0.32413263409292176,7
privacy violation,0.0,0.058823529411764705,-0.058823529411764705,-1.6397432619294294,0.4925373134328359,0.7880597014925375,-0.9925092578236596,0.9778046040608336,8.096835042556966,0.32413263409292176,7
