harm,share_A,share_B,share_diff_A_minus_B,lor,p,q,std_resid_A,std_resid_B,chi2_pair,chi2_p_value,chi2_df
opportunity loss,0.20588235294117646,0.22580645161290322,-0.01992409867172676,-0.11551288712184435,1.0,1.0,-0.11938757751608141,0.12503101352237267,16.682790051504472,0.033586976074401434,8
alienation,0.14705882352941177,0.22580645161290322,-0.07874762808349145,-0.4958720740989324,0.5272162870252982,0.6778495118896691,-0.509672653943665,0.5337648171865305,16.682790051504472,0.033586976074401434,8
diminished health and well-being,0.058823529411764705,0.1935483870967742,-0.13472485768500947,-1.1980730821987475,0.13774908984689477,0.43967661957381327,-1.0679408867332316,1.118422320213772,16.682790051504472,0.033586976074401434,8
increased labor,0.14705882352941177,0.0967741935483871,0.050284629981024676,0.417498947671888,0.7108954766637455,0.7997574112467137,0.3985976549074736,-0.41743931669950657,16.682790051504472,0.033586976074401434,8
service or benefit loss,0.058823529411764705,0.16129032258064516,-0.10246679316888045,-0.9925527167077854,0.24426478865211848,0.43967661957381327,-0.8683175895537171,0.9093628544944803,16.682790051504472,0.033586976074401434,8
loss of agency or control,0.14705882352941177,0.03225806451612903,0.11480075901328274,1.3326194043978528,0.19956802077703711,0.43967661957381327,1.0507843798664607,-1.100454827391774,16.682790051504472,0.033586976074401434,8
economic loss,0.17647058823529413,0.0,0.17647058823529413,2.665032816018519,0.025196285954482672,0.22676657359034405,1.615255327728609,-1.691608247065041,16.682790051504472,0.033586976074401434,8
privacy violation,0.058823529411764705,0.0,0.058823529411764705,1.578185368929996,0.4932692307692307,0.6778495118896691,0.9325680982740895,-0.9766504768063926,16.682790051504472,0.033586976074401434,8
technology-facilitated violence,0.0,0.06451612903225806,-0.06451612903225806,-1.7660069731256403,0.22355769230769226,0.43967661957381327,-1.0228166239135177,1.0711650390779788,16.682790051504472,0.033586976074401434,8
