harm,share_A,share_B,share_diff_A_minus_B,lor,p,q,std_resid_A,std_resid_B,chi2_pair,chi2_p_value,chi2_df
opportunity loss,0.21875,0.3870967741935484,-0.16834677419354838,-0.77908961036067,0.17686380452421552,0.4411642122811892,-0.853285580783244,0.8669390170152262,18.237844864176566,0.019512328686285902,8
economic loss,0.0625,0.3225806451612903,-0.2600806451612903,-1.7847582737690715,0.010895890346846737,0.09806301312162063,-1.6587610120924878,1.685302873589684,18.237844864176566,0.019512328686285902,8
diminished health and well-being,0.1875,0.12903225806451613,0.058467741935483875,0.40476605180566644,0.7322807637953657,1.0,0.40849122311878316,-0.4150274977163889,18.237844864176566,0.019512328686285902,8
alienation,0.15625,0.03225806451612903,0.12399193548387097,1.4028236630711013,0.19607298323608408,0.4411642122811892,1.118366687459461,-1.1362616907210712,18.237844864176566,0.019512328686285902,8
service or benefit loss,0.1875,0.0,0.1875,2.737792170300948,0.024173381494859682,0.10878021672686856,1.6911886493289412,-1.7182493859684491,18.237844864176566,0.019512328686285902,8
loss of agency or control,0.09375,0.06451612903225806,0.029233870967741937,0.336472236621213,1.0,1.0,0.2888469139224786,-0.29346875801414296,18.237844864176566,0.019512328686285902,8
increased labor,0.03125,0.06451612903225806,-0.03326612903225806,-0.5764229062518039,0.6128024980483997,1.0,-0.4243342123957527,0.43112399091829123,18.237844864176566,0.019512328686285902,8
privacy violation,0.03125,0.0,0.03125,1.0986122886681098,1.0,1.0,0.6904248749404297,-0.7014723744122017,18.237844864176566,0.019512328686285902,8
technology-facilitated violence,0.03125,0.0,0.03125,1.0986122886681098,1.0,1.0,0.6904248749404297,-0.7014723744122017,18.237844864176566,0.019512328686285902,8
