harm,share_A,share_B,share_diff_A_minus_B,lor,p,q,std_resid_A,std_resid_B,chi2_pair,chi2_p_value,chi2_df
opportunity loss,0.15625,0.22580645161290322,-0.06955645161290322,-0.4256678154256838,0.535640623995466,0.6025957019948992,-0.4436221311410141,0.4507205359600317,14.469157807917888,0.07032725548698346,8
diminished health and well-being,0.15625,0.1935483870967742,-0.03729838709677419,-0.2425616371713112,0.7499603359975584,0.7499603359975584,-0.24846208057449215,0.25243772630153655,14.469157807917888,0.07032725548698346,8
alienation,0.09375,0.22580645161290322,-0.13205645161290322,-0.9478571978419895,0.1836384515052566,0.5436318700968237,-0.9226267280786306,0.9373896931180504,14.469157807917888,0.07032725548698346,8
increased labor,0.21875,0.0967741935483871,0.1219758064516129,0.8733656871571213,0.3020177056093465,0.5436318700968237,0.8521972068512544,-0.8658332279945353,14.469157807917888,0.07032725548698346,8
loss of agency or control,0.1875,0.03225806451612903,0.15524193548387097,1.6069190194146166,0.10419560989163656,0.5436318700968237,1.2963624321753373,-1.3171055481963494,14.469157807917888,0.07032725548698346,8
service or benefit loss,0.0625,0.16129032258064516,-0.09879032258064516,-0.9290393109854597,0.25651862359427324,0.5436318700968237,-0.8249579113843053,0.8381580761249494,14.469157807917888,0.07032725548698346,8
economic loss,0.0625,0.0,0.0625,1.6416987746523217,0.49206349206349204,0.6025957019948992,0.9764082219405037,-0.9920317455237933,14.469157807917888,0.07032725548698346,8
privacy violation,0.0625,0.0,0.0625,1.6416987746523217,0.49206349206349204,0.6025957019948992,0.9764082219405037,-0.9920317455237933,14.469157807917888,0.07032725548698346,8
technology-facilitated violence,0.0,0.06451612903225806,-0.06451612903225806,-1.7062877384240178,0.23809523809523808,0.5436318700968237,-1.0079052613579391,1.0240327695729479,14.469157807917888,0.07032725548698346,8
