harm,share_A,share_B,share_diff_A_minus_B,lor,p,q,std_resid_A,std_resid_B,chi2_pair,chi2_p_value,chi2_df
opportunity loss,0.21212121212121213,0.3870967741935484,-0.17497556207233625,-0.8175558911884662,0.1729296977076033,0.4423952641165756,-0.8935714276607877,0.9219458135876808,13.79617406462508,0.031997760943395445,6
economic loss,0.21212121212121213,0.3225806451612903,-0.11045943304007819,-0.5455640344797723,0.40005439888019656,0.5600761584322752,-0.5963579674255581,0.6152946641400078,13.79617406462508,0.031997760943395445,6
increased labor,0.18181818181818182,0.06451612903225806,0.11730205278592376,1.025715703700685,0.2586342210068099,0.45260988676191727,0.9231861823449954,-0.9525009525014287,13.79617406462508,0.031997760943395445,6
service or benefit loss,0.24242424242424243,0.0,0.24242424242424243,3.044522437723423,0.004919129582778842,0.034433907079451896,1.9079181101796572,-1.9685019685029528,13.79617406462508,0.031997760943395445,6
diminished health and well-being,0.030303030303030304,0.12903225806451613,-0.09872922776148582,-1.2656663733312759,0.18959797033567527,0.4423952641165756,-0.9828549170039227,1.0140644027394048,13.79617406462508,0.031997760943395445,6
loss of agency or control,0.09090909090909091,0.06451612903225806,0.02639296187683285,0.30313581635362113,1.0,1.0,0.262743393654514,-0.27108652350459334,13.79617406462508,0.031997760943395445,6
alienation,0.030303030303030304,0.03225806451612903,-0.0019550342130987275,-0.06351340572232575,1.0,1.0,-0.03077287274483318,0.031750031750047626,13.79617406462508,0.031997760943395445,6
