harm,share_A,share_B,share_diff_A_minus_B,lor,p,q,std_resid_A,std_resid_B,chi2_pair,chi2_p_value,chi2_df
demeaning,0.2857142857142857,0.21428571428571427,0.07142857142857142,0.3613544096606913,0.7584814026999053,1.0,0.3779644730092272,-0.3779644730092272,3.20995670995671,0.7820711489816939,6
stereotyping,0.17857142857142858,0.21428571428571427,-0.0357142857142857,-0.21053919660290485,1.0,1.0,-0.21320071635561041,0.21320071635561041,3.20995670995671,0.7820711489816939,6
none,0.17857142857142858,0.17857142857142858,0.0,0.0,1.0,1.0,0.0,0.0,3.20995670995671,0.7820711489816939,6
erasure,0.10714285714285714,0.17857142857142858,-0.07142857142857144,-0.5336631547573243,0.7048733730198768,1.0,-0.5,0.5,3.20995670995671,0.7820711489816939,6
alienation,0.07142857142857142,0.10714285714285714,-0.03571428571428571,-0.374938517449009,1.0,1.0,-0.31622776601683794,0.31622776601683794,3.20995670995671,0.7820711489816939,6
denying self-identity,0.14285714285714285,0.03571428571428571,0.10714285714285714,1.214125175789954,0.3516295025728989,1.0,0.9486832980505138,-0.9486832980505138,3.20995670995671,0.7820711489816939,6
reifying categories,0.03571428571428571,0.07142857142857142,-0.03571428571428571,-0.5478668954463398,1.0,1.0,-0.4082482904638631,0.4082482904638631,3.20995670995671,0.7820711489816939,6
