harm,share_A,share_B,share_diff_A_minus_B,lor,p,q,std_resid_A,std_resid_B,chi2_pair,chi2_p_value,chi2_df
demeaning,0.2857142857142857,0.1935483870967742,0.09216589861751151,0.48651755261469737,0.5423912444518103,0.8593189578270636,0.5260426387990419,-0.4999414165476713,4.121850787461386,0.6601907286672455,6
stereotyping,0.17857142857142858,0.25806451612903225,-0.07949308755760368,-0.43531807125784566,0.5398371490720065,0.8593189578270636,-0.4708389614523538,0.4474768393142525,4.121850787461386,0.6601907286672455,6
erasure,0.10714285714285714,0.1935483870967742,-0.08640552995391705,-0.6190392084062233,0.4770428265622919,0.8593189578270636,-0.6150847891314037,0.5845654669311947,4.121850787461386,0.6601907286672455,6
denying self-identity,0.14285714285714285,0.12903225806451613,0.013824884792626724,0.11551288712184443,1.0,1.0,0.1043833500958831,-0.09920404937148693,4.121850787461386,0.6601907286672455,6
none,0.17857142857142858,0.06451612903225806,0.11405529953917051,1.015847202559931,0.2398028897869,0.8593189578270636,0.9206215847929687,-0.8749421154462454,4.121850787461386,0.6601907286672455,6
alienation,0.07142857142857142,0.06451612903225806,0.006912442396313362,0.1072455303535978,1.0,1.0,0.0738101746957684,-0.07014785603174346,4.121850787461386,0.6601907286672455,6
reifying categories,0.03571428571428571,0.0967741935483871,-0.06105990783410138,-0.8115797777851245,0.6137992555907597,0.8593189578270636,-0.6519898764792879,0.6196393949470661,4.121850787461386,0.6601907286672455,6
