harm,share_A,share_B,share_diff_A_minus_B,lor,p,q,std_resid_A,std_resid_B,chi2_pair,chi2_p_value,chi2_df
demeaning,0.2857142857142857,0.26666666666666666,0.019047619047619035,0.09309042306601183,1.0,1.0,0.0992583333970929,-0.095892660297077,1.6409221466364325,0.9495904382329314,6
stereotyping,0.17857142857142858,0.16666666666666666,0.011904761904761918,0.0816780310142671,1.0,1.0,0.07847060257179311,-0.07580980435789039,1.6409221466364325,0.9495904382329314,6
denying self-identity,0.14285714285714285,0.16666666666666666,-0.023809523809523808,-0.16066536084845204,1.0,1.0,-0.1654305556618218,0.15982110049512818,1.6409221466364325,0.9495904382329314,6
none,0.17857142857142858,0.13333333333333333,0.045238095238095244,0.3208150073042145,0.7259982263195066,1.0,0.3143180557574611,-0.3036600909407432,1.6409221466364325,0.9495904382329314,6
alienation,0.07142857142857142,0.16666666666666666,-0.09523809523809523,-0.8269236411920662,0.4249345490656315,1.0,-0.750322473484129,0.7248803762927498,1.6409221466364325,0.9495904382329314,6
erasure,0.10714285714285714,0.06666666666666667,0.04047619047619047,0.44769787173143744,0.6650717703349283,1.0,0.377312247375704,-0.3645182618448503,1.6409221466364325,0.9495904382329314,6
reifying categories,0.03571428571428571,0.03333333333333333,0.0023809523809523794,0.07020425867324835,1.0,1.0,0.03509312031717978,-0.033903175181040586,1.6409221466364325,0.9495904382329314,6
