harm,share_A,share_B,share_diff_A_minus_B,lor,p,q,std_resid_A,std_resid_B,chi2_pair,chi2_p_value,chi2_df
opportunity loss,0.21212121212121213,0.36363636363636365,-0.15151515151515152,-0.7199174216245502,0.2767681691412377,0.5535363382824754,-0.8111071056538127,0.8111071056538127,16.6066985645933,0.02011608588269938,7
increased labor,0.18181818181818182,0.15151515151515152,0.030303030303030304,0.2027721672652455,1.0,1.0,0.21320071635561041,-0.21320071635561041,16.6066985645933,0.02011608588269938,7
economic loss,0.21212121212121213,0.06060606060606061,0.15151515151515152,1.2714551015075206,0.14872079851240727,0.39658879603308606,1.1785113019775793,-1.1785113019775793,16.6066985645933,0.02011608588269938,7
diminished health and well-being,0.030303030303030304,0.24242424242424243,-0.21212121212121213,-1.9771626925594177,0.026840789108085576,0.1073631564323423,-1.649915822768611,1.649915822768611,16.6066985645933,0.02011608588269938,7
service or benefit loss,0.24242424242424243,0.030303030303030304,0.21212121212121213,1.9771626925594177,0.026840789108085576,0.1073631564323423,1.649915822768611,-1.649915822768611,16.6066985645933,0.02011608588269938,7
loss of agency or control,0.09090909090909091,0.06060606060606061,0.030303030303030304,0.3687330988394344,1.0,1.0,0.31622776601683794,-0.31622776601683794,16.6066985645933,0.02011608588269938,7
alienation,0.030303030303030304,0.06060606060606061,-0.030303030303030304,-0.5420781672700951,1.0,1.0,-0.4082482904638631,0.4082482904638631,16.6066985645933,0.02011608588269938,7
privacy violation,0.0,0.030303030303030304,-0.030303030303030304,-1.1289176381634387,1.0,1.0,-0.7071067811865475,0.7071067811865475,16.6066985645933,0.02011608588269938,7
