harm,share_A,share_B,share_diff_A_minus_B,lor,p,q,std_resid_A,std_resid_B,chi2_pair,chi2_p_value,chi2_df
demeaning,0.21428571428571427,0.26666666666666666,-0.05238095238095239,-0.2682639865946794,0.7623501216497925,0.7623501216497927,-0.29180695999251016,0.2819123062941129,5.2106790696076395,0.5170899414536811,6
stereotyping,0.21428571428571427,0.16666666666666666,0.047619047619047616,0.292217227617172,0.7437058239383142,0.7623501216497927,0.2992751356310544,-0.28912724941310347,5.2106790696076395,0.5170899414536811,6
none,0.17857142857142858,0.13333333333333333,0.045238095238095244,0.3208150073042145,0.7259982263195066,0.7623501216497927,0.3143180557574611,-0.3036600909407432,5.2106790696076395,0.5170899414536811,6
alienation,0.10714285714285714,0.16666666666666666,-0.05952380952380952,-0.45198512374305727,0.7072630623071654,0.7623501216497927,-0.43866400396474786,0.42378968976300635,5.2106790696076395,0.5170899414536811,6
erasure,0.17857142857142858,0.06666666666666667,0.11190476190476191,0.9813610264887618,0.2457795431976167,0.7623501216497927,0.8816289063438514,-0.851734442143981,5.2106790696076395,0.5170899414536811,6
denying self-identity,0.03571428571428571,0.16666666666666666,-0.13095238095238093,-1.3747905366384061,0.1954048930215762,0.7623501216497927,-1.1143562354005232,1.0765704024436231,5.2106790696076395,0.5170899414536811,6
reifying categories,0.07142857142857142,0.03333333333333333,0.03809523809523809,0.6180711541195884,0.6052631578947368,0.7623501216497927,0.45845460404900223,-0.4429092258866132,5.2106790696076395,0.5170899414536811,6
