harm,share_A,share_B,share_diff_A_minus_B,lor,p,q,std_resid_A,std_resid_B,chi2_pair,chi2_p_value,chi2_df
opportunity loss,0.3125,0.3333333333333333,-0.020833333333333315,-0.08919557880447095,1.0,1.0,-0.10969086361906975,0.10341753799900398,5.828162578162578,0.44271230749824075,6
increased labor,0.15625,0.16666666666666666,-0.010416666666666657,-0.06351340572232575,1.0,1.0,-0.077563153499253,0.07312724241271318,5.828162578162578,0.44271230749824075,6
service or benefit loss,0.21875,0.1111111111111111,0.1076388888888889,0.753387260937302,0.32549958864067674,0.9555196047733362,0.8014859194922797,-0.7556481715980349,5.828162578162578,0.44271230749824075,6
diminished health and well-being,0.09375,0.1111111111111111,-0.017361111111111105,-0.1544646022909885,1.0,1.0,-0.162050930888041,0.15278308283803513,5.828162578162578,0.44271230749824075,6
loss of agency or control,0.09375,0.1111111111111111,-0.017361111111111105,-0.1544646022909885,1.0,1.0,-0.162050930888041,0.15278308283803513,5.828162578162578,0.44271230749824075,6
economic loss,0.125,0.05555555555555555,0.06944444444444445,0.7788419016648281,0.40950840204571554,0.9555196047733362,0.7001400420140048,-0.6600983619844495,5.828162578162578,0.44271230749824075,6
alienation,0.0,0.1111111111111111,-0.1111111111111111,-2.1972245773362196,0.11648667399325874,0.8154067179528112,-1.3719886811400706,1.2935233335271092,5.828162578162578,0.44271230749824075,6
