harm,share_A,share_B,share_diff_A_minus_B,lor,p,q,std_resid_A,std_resid_B,chi2_pair,chi2_p_value,chi2_df
service or benefit loss,0.25,0.30434782608695654,-0.05434782608695654,-0.2701495936901403,0.7620576914970703,1.0,-0.24618298195866525,0.2903816034562512,2.6688208379784464,0.9533934570097733,8
opportunity loss,0.25,0.21739130434782608,0.03260869565217392,0.15441568579144338,1.0,1.0,0.15866576560438359,-0.18715192684419768,2.6688208379784464,0.9533934570097733,8
diminished health and well-being,0.125,0.21739130434782608,-0.09239130434782608,-0.6328040506524769,0.4671537777325674,1.0,-0.540295467239169,0.6372977647309377,2.6688208379784464,0.9533934570097733,8
alienation,0.125,0.08695652173913043,0.03804347826086957,0.3059355127611313,1.0,1.0,0.27247463045653314,-0.32139354013675164,2.6688208379784464,0.9533934570097733,8
economic loss,0.09375,0.08695652173913043,0.006793478260869568,0.020134908409056025,1.0,1.0,0.05330017908890256,-0.06286946134619309,2.6688208379784464,0.9533934570097733,8
increased labor,0.0625,0.043478260869565216,0.019021739130434784,0.2066142493629992,1.0,1.0,0.19266865889711318,-0.22725955166024792,2.6688208379784464,0.9533934570097733,8
technology-facilitated violence,0.03125,0.043478260869565216,-0.012228260869565216,-0.3364722366212129,1.0,1.0,-0.1516949690542294,0.17892962380969749,2.6688208379784464,0.9533934570097733,8
loss of agency or control,0.03125,0.0,0.03125,0.8056251639866356,1.0,1.0,0.5482409888162156,-0.6466697906828632,2.6688208379784464,0.9533934570097733,8
privacy violation,0.03125,0.0,0.03125,0.8056251639866356,1.0,1.0,0.5482409888162156,-0.6466697906828632,2.6688208379784464,0.9533934570097733,8
