harm,share_A,share_B,share_diff_A_minus_B,lor,p,q,std_resid_A,std_resid_B,chi2_pair,chi2_p_value,chi2_df
opportunity loss,0.3125,0.21739130434782608,0.09510869565217392,0.45088258779895707,0.5453602319676163,0.6232688365344187,0.43082021842766477,-0.5081678060484394,10.303158967391305,0.17203472447640517,7
service or benefit loss,0.21875,0.30434782608695654,-0.08559782608695654,-0.4353180712578455,0.5393172527040497,0.6232688365344187,-0.4013471632571299,0.47340328678280097,10.303158967391305,0.17203472447640517,7
diminished health and well-being,0.09375,0.21739130434782608,-0.12364130434782608,-0.9186046550045522,0.2572648940240505,0.6232688365344187,-0.7669023435519378,0.9045886537045815,10.303158967391305,0.17203472447640517,7
economic loss,0.125,0.08695652173913043,0.03804347826086957,0.3059355127611313,1.0,1.0,0.27247463045653314,-0.32139354013675164,10.303158967391305,0.17203472447640517,7
increased labor,0.15625,0.043478260869565216,0.11277173913043478,1.0986122886681098,0.3831583141239078,0.6232688365344187,0.8076926545675802,-0.952702279691085,10.303158967391305,0.17203472447640517,7
loss of agency or control,0.09375,0.0,0.09375,1.7185203068596524,0.25656565656565655,0.6232688365344187,0.9495812474214861,-1.1200649331826502,10.303158967391305,0.17203472447640517,7
alienation,0.0,0.08695652173913043,-0.08695652173913043,-2.022625066636175,0.17037037037037037,0.6232688365344187,-1.0787197799411872,1.2723884359800706,10.303158967391305,0.17203472447640517,7
technology-facilitated violence,0.0,0.043478260869565216,-0.043478260869565216,-1.466337068793427,0.41818181818181815,0.6232688365344187,-0.7627700713964739,0.8997144913848533,10.303158967391305,0.17203472447640517,7
