harm,share_A,share_B,share_diff_A_minus_B,lor,p,q,std_resid_A,std_resid_B,chi2_pair,chi2_p_value,chi2_df
diminished health and well-being,0.3611111111111111,0.3142857142857143,0.046825396825396826,0.2020153464757475,0.802937672838101,1.0,0.23821327836315878,-0.24159235888974254,5.828485850569184,0.5599130517084161,7
increased labor,0.1388888888888889,0.17142857142857143,-0.032539682539682535,-0.2326513671489795,0.7530545161554782,1.0,-0.2445158912128752,0.2479843749687559,5.828485850569184,0.5599130517084161,7
service or benefit loss,0.08333333333333333,0.22857142857142856,-0.14523809523809522,-1.084662629159398,0.11133054496100829,0.8906443596880663,-1.0913758071208826,1.1068570882751791,5.828485850569184,0.5599130517084161,7
loss of agency or control,0.1388888888888889,0.11428571428571428,0.024603174603174613,0.20067069546215124,1.0,1.0,0.2043901744667191,-0.20728947069030176,5.828485850569184,0.5599130517084161,7
alienation,0.1111111111111111,0.05714285714285714,0.053968253968253964,0.6180920143974481,0.6737073968796559,1.0,0.5491017941930438,-0.5568908611695759,5.828485850569184,0.5599130517084161,7
opportunity loss,0.08333333333333333,0.05714285714285714,0.026190476190476188,0.336472236621213,1.0,1.0,0.2919096908388513,-0.29605046065072926,5.828485850569184,0.5599130517084161,7
economic loss,0.027777777777777776,0.05714285714285714,-0.029365079365079365,-0.56881288141634,0.614206981016534,1.0,-0.42253303772697787,0.42852671351798416,5.828485850569184,0.5599130517084161,7
privacy violation,0.05555555555555555,0.0,0.05555555555555555,1.6380112848781563,0.49295774647887325,1.0,0.9790449180128039,-0.9929327736346235,5.828485850569184,0.5599130517084161,7
