harm,share_A,share_B,share_diff_A_minus_B,lor,p,q,std_resid_A,std_resid_B,chi2_pair,chi2_p_value,chi2_df
diminished health and well-being,0.22580645161290322,0.34375,-0.11794354838709678,-0.5580641972440038,0.4047644053061001,1.0,-0.6240199689585153,0.6141922686399944,5.857708521317392,0.6631669737537473,8
increased labor,0.25806451612903225,0.15625,0.10181451612903225,0.5925036547802579,0.36492026517026965,1.0,0.6338676328554126,-0.6238848415230933,5.857708521317392,0.6631669737537473,8
service or benefit loss,0.1935483870967742,0.15625,0.03729838709677419,0.24256163717131127,0.7499603359975584,1.0,0.25243772630153655,-0.24846208057449215,5.857708521317392,0.6631669737537473,8
alienation,0.12903225806451613,0.125,0.0040322580645161255,0.035718082602079246,1.0,1.0,0.03200102404915473,-0.031497039417435486,5.857708521317392,0.6631669737537473,8
economic loss,0.0967741935483871,0.0625,0.034274193548387094,0.40429483295997404,0.6718665237698301,1.0,0.3440668197407191,-0.3386481059780781,5.857708521317392,0.6631669737537473,8
opportunity loss,0.06451612903225806,0.0625,0.0020161290322580627,0.033336420267591926,1.0,1.0,0.0226281411100711,-0.02227177015936862,5.857708521317392,0.6631669737537473,8
technology-facilitated violence,0.0,0.0625,-0.0625,-1.6416987746523217,0.4920634920634921,1.0,-0.9920317455237933,0.9764082219405037,5.857708521317392,0.6631669737537473,8
loss of agency or control,0.0,0.03125,-0.03125,-1.0986122886681098,1.0,1.0,-0.7014723744122017,0.6904248749404297,5.857708521317392,0.6631669737537473,8
privacy violation,0.03225806451612903,0.0,0.03225806451612903,1.1621256943904354,0.49206349206349204,1.0,0.7241005155222727,-0.7126966450997984,5.857708521317392,0.6631669737537473,8
