harm,share_A,share_B,share_diff_A_minus_B,lor,p,q,std_resid_A,std_resid_B,chi2_pair,chi2_p_value,chi2_df
diminished health and well-being,0.24,0.2857142857142857,-0.04571428571428571,-0.21825356602001794,0.7632392737536595,0.9813076376832764,-0.23495139142859273,0.22200819711023176,9.747132653061225,0.28322438553361323,8
opportunity loss,0.2,0.25,-0.04999999999999999,-0.26252687931458485,0.749906777943689,0.9813076376832764,-0.2775680550013503,0.26227715908195387,9.747132653061225,0.28322438553361323,8
service or benefit loss,0.04,0.17857142857142858,-0.13857142857142857,-1.340955680530829,0.1959483357929529,0.8817675110682881,-1.0878979789385657,1.027966965743296,9.747132653061225,0.28322438553361323,8
loss of agency or control,0.12,0.07142857142857142,0.04857142857142857,0.500101660403015,0.6575233867131758,0.9813076376832764,0.4177206794470867,-0.39470894118068617,9.747132653061225,0.28322438553361323,8
economic loss,0.08,0.10714285714285714,-0.027142857142857135,-0.2547942056069459,1.0,1.0,-0.23343214439690152,0.2205726436009718,9.747132653061225,0.28322438553361323,8
increased labor,0.12,0.07142857142857142,0.04857142857142857,0.500101660403015,0.6575233867131758,0.9813076376832764,0.4177206794470867,-0.39470894118068617,9.747132653061225,0.28322438553361323,8
alienation,0.16,0.0,0.16,2.4790757294772074,0.04319986339964142,0.3887987705967728,1.538438316225317,-1.4536875686232622,9.747132653061225,0.28322438553361323,8
privacy violation,0.0,0.03571428571428571,-0.03571428571428571,-1.0231047361599646,1.0,1.0,-0.6868028197434451,0.6489676645639564,9.747132653061225,0.28322438553361323,8
technology-facilitated violence,0.04,0.0,0.04,1.2498432583920334,0.4716981132075472,0.9813076376832764,0.7692191581126585,-0.7268437843116311,9.747132653061225,0.28322438553361323,8
