harm,share_A,share_B,share_diff_A_minus_B,lor,p,q,std_resid_A,std_resid_B,chi2_pair,chi2_p_value,chi2_df
diminished health and well-being,0.29411764705882354,0.2857142857142857,0.00840336134453784,0.03306086226088821,1.0,1.0,0.04106940690891313,-0.045256282220142004,5.041169801253835,0.6549389458665966,7
opportunity loss,0.23529411764705882,0.25,-0.01470588235294118,-0.08392865490455349,1.0,1.0,-0.07873124205579614,0.08675760324277114,5.041169801253835,0.6549389458665966,7
service or benefit loss,0.2647058823529412,0.17857142857142858,0.0861344537815126,0.46486567535380274,0.5457252335702241,1.0,0.4773253847282129,-0.5259869559355549,5.041169801253835,0.6549389458665966,7
economic loss,0.11764705882352941,0.10714285714285714,0.010504201680672273,0.07226619683192047,1.0,1.0,0.08232195521312118,-0.09071437642870743,5.041169801253835,0.6549389458665966,7
loss of agency or control,0.058823529411764705,0.07142857142857142,-0.01260504201680672,-0.20409535634351528,1.0,1.0,-0.13068205256070953,0.14400460822119585,5.041169801253835,0.6549389458665966,7
increased labor,0.0,0.07142857142857142,-0.07142857142857142,-1.873252503479238,0.19989423585404548,1.0,-1.0472698761772854,1.154035196613622,5.041169801253835,0.6549389458665966,7
privacy violation,0.0,0.03571428571428571,-0.03571428571428571,-1.325385608032898,0.4516129032258065,1.0,-0.7405316311773547,0.8160261132534429,5.041169801253835,0.6549389458665966,7
technology-facilitated violence,0.029411764705882353,0.0,0.029411764705882353,0.9369709371116938,1.0,1.0,0.6098495786166451,-0.6720215050322471,5.041169801253835,0.6549389458665966,7
