harm,share_A,share_B,share_diff_A_minus_B,lor,p,q,std_resid_A,std_resid_B,chi2_pair,chi2_p_value,chi2_df
increased labor,0.17647058823529413,0.25806451612903225,-0.08159392789373812,-0.46116765271917104,0.5488929742428175,0.7057195383121939,-0.488920555542048,0.5120317696630503,12.802963560790886,0.11881123490313125,8
diminished health and well-being,0.17647058823529413,0.22580645161290322,-0.04933586337760909,-0.29433181336459696,0.7587911019087559,0.8536399896473503,-0.3067859955389481,0.3212877315609995,12.802963560790886,0.11881123490313125,8
alienation,0.20588235294117646,0.12903225806451613,0.07685009487666034,0.5108256237659906,0.5158042663672883,0.7057195383121939,0.5195083585418208,-0.5440654543231574,12.802963560790886,0.11881123490313125,8
service or benefit loss,0.11764705882352941,0.1935483870967742,-0.07590132827324478,-0.5467730115743028,0.49950137971298825,0.7057195383121939,-0.53813823519705,0.5635759629410776,12.802963560790886,0.11881123490313125,8
loss of agency or control,0.17647058823529413,0.0,0.17647058823529413,2.665032816018519,0.025196285954482672,0.22676657359034405,1.615255327728609,-1.691608247065041,12.802963560790886,0.11881123490313125,8
economic loss,0.029411764705882353,0.0967741935483871,-0.06736242884250473,-1.0089392119436196,0.3407051282051282,0.7057195383121939,-0.7551482429154428,0.7908440068535504,12.802963560790886,0.11881123490313125,8
privacy violation,0.058823529411764705,0.03225806451612903,0.026565464895635674,0.44731221804366494,1.0,1.0,0.34387552555235235,-0.36013047906561096,12.802963560790886,0.11881123490313125,8
opportunity loss,0.0,0.06451612903225806,-0.06451612903225806,-1.7660069731256403,0.22355769230769226,0.7057195383121939,-1.0228166239135177,1.0711650390779788,12.802963560790886,0.11881123490313125,8
technology-facilitated violence,0.058823529411764705,0.0,0.058823529411764705,1.578185368929996,0.4932692307692307,0.7057195383121939,0.9325680982740895,-0.9766504768063926,12.802963560790886,0.11881123490313125,8
