harm,share_A,share_B,share_diff_A_minus_B,lor,p,q,std_resid_A,std_resid_B,chi2_pair,chi2_p_value,chi2_df
loss of agency or control,0.22580645161290322,0.20689655172413793,0.01890989988876529,0.10142814724010533,1.0,1.0,0.10932532400206044,-0.11303231465211393,13.99752638907255,0.08182991277650654,8
service or benefit loss,0.2903225806451613,0.06896551724137931,0.221357063403782,1.535671762194491,0.043385979103404776,0.32033898305084746,1.391234253036874,-1.4384080658301905,13.99752638907255,0.08182991277650654,8
diminished health and well-being,0.0967741935483871,0.27586206896551724,-0.17908787541713014,-1.1691543471418904,0.0996835709356538,0.32033898305084746,-1.1255714308489284,1.1637371788877424,13.99752638907255,0.08182991277650654,8
increased labor,0.12903225806451613,0.1724137931034483,-0.04338153503893216,-0.31618358258399554,0.7270163554655165,0.817893399898706,-0.3014302822441095,0.31165114596549987,13.99752638907255,0.08182991277650654,8
alienation,0.12903225806451613,0.034482758620689655,0.09454949944382647,1.134330371270189,0.3547427891763307,0.787944437364598,0.8814089405208614,-0.9112956546121256,13.99752638907255,0.08182991277650654,8
technology-facilitated violence,0.0967741935483871,0.034482758620689655,0.06229143492769744,0.8472978603872037,0.6128456735057983,0.787944437364598,0.6492344540642354,-0.6712486220795378,13.99752638907255,0.08182991277650654,8
privacy violation,0.0,0.10344827586206896,-0.10344827586206896,-2.118752961894724,0.10677966101694916,0.32033898305084746,-1.2449899597988734,1.2872049377329695,13.99752638907255,0.08182991277650654,8
opportunity loss,0.03225806451612903,0.06896551724137931,-0.03670745272525028,-0.6143663027068311,0.6059322033898304,0.787944437364598,-0.4417706308963744,0.45675013919556984,13.99752638907255,0.08182991277650654,8
economic loss,0.0,0.034482758620689655,-0.034482758620689655,-1.1986957472250923,0.4833333333333333,0.787944437364598,-0.7187952884282608,0.7431681173023453,13.99752638907255,0.08182991277650654,8
