harm,share_A,share_B,share_diff_A_minus_B,lor,p,q,std_resid_A,std_resid_B,chi2_pair,chi2_p_value,chi2_df
stereotyping,0.39285714285714285,0.4,-0.007142857142857173,-0.030389078798540727,1.0,1.0,-0.028323270918505207,0.029974532466509097,3.823391156462585,0.7005619500831219,6
denying self-identity,0.32142857142857145,0.24,0.08142857142857146,0.3794896217049038,0.5560736382881115,0.8578331768120894,0.38204302547666524,-0.4043163342151879,3.823391156462585,0.7005619500831219,6
demeaning,0.07142857142857142,0.16,-0.08857142857142858,-0.7968784627606783,0.4042333914697954,0.8578331768120894,-0.657051050268911,0.695357471074135,3.823391156462585,0.7005619500831219,6
erasure,0.10714285714285714,0.04,0.06714285714285714,0.8072925257735044,0.6127379834372066,0.8578331768120894,0.610029604690119,-0.6455946505588384,3.823391156462585,0.7005619500831219,6
group alienation,0.03571428571428571,0.08,-0.04428571428571429,-0.668011207288403,0.5966020660804234,0.8578331768120894,-0.4646052532308901,0.4916919831452495,3.823391156462585,0.7005619500831219,6
reifying categories,0.07142857142857142,0.04,0.031428571428571424,0.4323540083244955,1.0,1.0,0.3297198571315993,-0.34894269771598335,3.823391156462585,0.7005619500831219,6
none,0.0,0.04,-0.04,-1.2498432583920334,0.4716981132075472,0.8578331768120894,-0.7268437843116311,0.7692191581126585,3.823391156462585,0.7005619500831219,6
