harm,share_A,share_B,share_diff_A_minus_B,lor,p,q,std_resid_A,std_resid_B,chi2_pair,chi2_p_value,chi2_df
diminished health and well-being,0.19230769230769232,0.26666666666666666,-0.07435897435897434,-0.3898556971810881,0.545329573017485,0.7893217893217894,-0.42157575835644573,0.3924656724215559,8.948218277449048,0.25639518455391436,7
loss of agency or control,0.23076923076923078,0.23333333333333334,-0.002564102564102555,-0.006525308634922627,1.0,1.0,-0.014537095115739458,0.013533299049019122,8.948218277449048,0.25639518455391436,7
increased labor,0.23076923076923078,0.1,0.13076923076923078,0.9128003269343866,0.27705867938942297,0.7169539056331509,0.8910421112136304,-0.8295150620062532,8.948218277449048,0.25639518455391436,7
economic loss,0.19230769230769232,0.06666666666666667,0.12564102564102564,1.070308512505258,0.23134508234397244,0.7169539056331509,0.9707253433941511,-0.9036961141150639,8.948218277449048,0.25639518455391436,7
service or benefit loss,0.038461538461538464,0.13333333333333333,-0.09487179487179487,-1.0601460078403138,0.35847695281657543,0.7169539056331509,-0.8672933772362166,0.8074061938731719,8.948218277449048,0.25639518455391436,7
opportunity loss,0.0,0.13333333333333333,-0.13333333333333333,-2.197224577336219,0.1153175964496719,0.7169539056331509,-1.362770287738494,1.2686700948330931,8.948218277449048,0.25639518455391436,7
alienation,0.07692307692307693,0.03333333333333333,0.043589743589743594,0.6965427695610834,0.5919913419913421,0.7893217893217894,0.5144434027684821,-0.47892074434615944,8.948218277449048,0.25639518455391436,7
privacy violation,0.038461538461538464,0.03333333333333333,0.005128205128205131,0.1457118111813936,1.0,1.0,0.07412493166611009,-0.0690065559342354,8.948218277449048,0.25639518455391436,7
