harm,share_A,share_B,share_diff_A_minus_B,lor,p,q,std_resid_A,std_resid_B,chi2_pair,chi2_p_value,chi2_df
diminished health and well-being,0.3142857142857143,0.28125,0.03303571428571428,0.14938254036214124,0.7956807744410279,1.0,0.1708501257196555,-0.17867933839744637,1.9139533730158726,0.9644488542911479,7
service or benefit loss,0.22857142857142856,0.21875,0.009821428571428564,0.04965559044586076,1.0,1.0,0.058651028477220146,-0.0613387138025023,1.9139533730158726,0.9644488542911479,7
increased labor,0.17142857142857143,0.1875,-0.01607142857142857,-0.10724553035359768,1.0,1.0,-0.10730265269346015,0.11221980031210883,1.9139533730158726,0.9644488542911479,7
loss of agency or control,0.11428571428571428,0.15625,-0.04196428571428572,-0.33647223662121306,0.7269786319646772,1.0,-0.32352301384605703,0.3383484666860327,1.9139533730158726,0.9644488542911479,7
alienation,0.05714285714285714,0.0625,-0.005357142857142859,-0.09381875521765486,1.0,1.0,-0.061951215417329945,0.06479013191860203,1.9139533730158726,0.9644488542911479,7
economic loss,0.05714285714285714,0.03125,0.02589285714285714,0.44926773076655724,1.0,1.0,0.34575299201226,-0.36159713433901686,1.9139533730158726,0.9644488542911479,7
opportunity loss,0.05714285714285714,0.03125,0.02589285714285714,0.44926773076655724,1.0,1.0,0.34575299201226,-0.36159713433901686,1.9139533730158726,0.9644488542911479,7
privacy violation,0.0,0.03125,-0.03125,-1.2181574393178922,0.47761194029850745,1.0,-0.7227641798688508,0.75588487238369,1.9139533730158726,0.9644488542911479,7
