harm,share_A,share_B,share_diff_A_minus_B,lor,p,q,std_resid_A,std_resid_B,chi2_pair,chi2_p_value,chi2_df
diminished health and well-being,0.3142857142857143,0.26666666666666666,0.047619047619047616,0.21712306353262675,0.7868373419346364,1.0,0.24049303512194117,-0.25976216673306585,5.271777929672668,0.6268347521322069,7
service or benefit loss,0.22857142857142856,0.13333333333333333,0.09523809523809523,0.5989474950396476,0.3587180649595647,0.7812415497274194,0.6052275326688024,-0.6537204504606133,5.271777929672668,0.6268347521322069,7
loss of agency or control,0.11428571428571428,0.23333333333333334,-0.11904761904761905,-0.8038127484474649,0.3203273963865357,0.7812415497274194,-0.7901744265512675,0.8534859274986487,5.271777929672668,0.6268347521322069,7
increased labor,0.17142857142857143,0.1,0.07142857142857142,0.548834949732975,0.4882759685796372,0.7812415497274194,0.5241424183609593,-0.566138517072298,5.271777929672668,0.6268347521322069,7
opportunity loss,0.05714285714285714,0.13333333333333333,-0.0761904761904762,-0.8221873707409633,0.40254274634232334,0.7812415497274194,-0.6847367880174606,0.7396002616336388,5.271777929672668,0.6268347521322069,7
economic loss,0.05714285714285714,0.06666666666666667,-0.009523809523809525,-0.1616413515564159,1.0,1.0,-0.10482848367219176,0.11322770341445951,5.271777929672668,0.6268347521322069,7
alienation,0.05714285714285714,0.03333333333333333,0.023809523809523808,0.383670448280744,1.0,1.0,0.3026137663344012,-0.32686022523030667,5.271777929672668,0.6268347521322069,7
privacy violation,0.0,0.03333333333333333,-0.03333333333333333,-1.2837547218037058,0.4615384615384615,0.7812415497274194,-0.7337993857053429,0.792593923901217,5.271777929672668,0.6268347521322069,7
