harm,share_A,share_B,share_diff_A_minus_B,lor,p,q,std_resid_A,std_resid_B,chi2_pair,chi2_p_value,chi2_df
stereotyping,0.36,0.4,-0.040000000000000036,-0.16260381553831635,1.0,1.0,-0.16222142113076254,0.16222142113076254,6.252631578947368,0.3954934428086176,6
denying self-identity,0.08,0.24,-0.15999999999999998,-1.1420974006078484,0.24671897457647085,0.863516411017648,-1.0,1.0,6.252631578947368,0.3954934428086176,6
demeaning,0.08,0.16,-0.08,-0.6767341509186152,0.667100882906354,1.0,-0.5773502691896258,0.5773502691896258,6.252631578947368,0.3954934428086176,6
reifying categories,0.2,0.04,0.16,1.4775312155365798,0.1894630192502533,0.863516411017648,1.1547005383792517,-1.1547005383792517,6.252631578947368,0.3954934428086176,6
group alienation,0.12,0.08,0.039999999999999994,0.3799573485609518,1.0,1.0,0.31622776601683794,-0.31622776601683794,6.252631578947368,0.3954934428086176,6
erasure,0.08,0.04,0.04,0.5524983201665586,1.0,1.0,0.4082482904638631,-0.4082482904638631,6.252631578947368,0.3954934428086176,6
none,0.08,0.04,0.04,0.5524983201665586,1.0,1.0,0.4082482904638631,-0.4082482904638631,6.252631578947368,0.3954934428086176,6
