harm,share_A,share_B,share_diff_A_minus_B,lor,p,q,std_resid_A,std_resid_B,chi2_pair,chi2_p_value,chi2_df
diminished health and well-being,0.4074074074074074,0.24,0.1674074074074074,0.7375989431307793,0.24527930875911225,0.654078156690966,0.7314260585334148,-0.7601202572158331,7.337853304284677,0.3945701966309822,7
alienation,0.2222222222222222,0.16,0.06222222222222221,0.3677247801253172,0.7288762115434994,1.0,0.35445877847928325,-0.36836436810895223,7.337853304284677,0.3945701966309822,7
opportunity loss,0.18518518518518517,0.2,-0.014814814814814836,-0.09309042306601209,1.0,1.0,-0.0843949472569723,0.08770580193070303,7.337853304284677,0.3945701966309822,7
loss of agency or control,0.07407407407407407,0.12,-0.045925925925925926,-0.461635379575219,0.6623649459783912,1.0,-0.36999268492037374,0.3845076772265463,7.337853304284677,0.3945701966309822,7
service or benefit loss,0.07407407407407407,0.04,0.03407407407407407,0.47082028915229157,1.0,1.0,0.3543917920327852,-0.3682947537517004,7.337853304284677,0.3945701966309822,7
increased labor,0.0,0.12,-0.12,-2.1465808445174646,0.10407239819004525,0.654078156690966,-1.2480754415067654,1.2970380458212059,7.337853304284677,0.3945701966309822,7
economic loss,0.0,0.08,-0.08,-1.7666234959565128,0.2262443438914027,0.654078156690966,-1.0190493307301363,1.0590271297461935,7.337853304284677,0.3945701966309822,7
technology-facilitated violence,0.037037037037037035,0.04,-0.002962962962962966,-0.07847161544149521,1.0,1.0,-0.03774256780481994,0.03922322702763678,7.337853304284677,0.3945701966309822,7
