harm,share_A,share_B,share_diff_A_minus_B,lor,p,q,std_resid_A,std_resid_B,chi2_pair,chi2_p_value,chi2_df
stereotyping,0.043478260869565216,0.39285714285714285,-0.3493788819875776,-2.2881963555419462,0.006273850943449996,0.01882155283034999,-1.8964565153406512,1.7188096819278964,25.87976425748165,9.415695798286041e-05,5
demeaning,0.391304347826087,0.07142857142857142,0.3198757763975155,1.9379971502979878,0.013975333196963754,0.02300965908382156,1.8135180051028468,-1.6436402734820572,25.87976425748165,9.415695798286041e-05,5
denying self-identity,0.043478260869565216,0.32142857142857145,-0.2779503105590062,-1.988927534139004,0.015339772722547705,0.02300965908382156,-1.652738047000616,1.497921061672744,25.87976425748165,9.415695798286041e-05,5
group alienation,0.391304347826087,0.03571428571428571,0.3555900621118013,2.4858640457443277,0.002907288595794578,0.017443731574767467,2.1143967193471567,-1.9163347660506056,25.87976425748165,9.415695798286041e-05,5
erasure,0.08695652173913043,0.10714285714285714,-0.020186335403726705,-0.16584671959044972,1.0,1.0,-0.16974982846110506,0.15384884720762404,25.87976425748165,9.415695798286041e-05,5
reifying categories,0.043478260869565216,0.07142857142857142,-0.02795031055900621,-0.34719619998418877,1.0,1.0,-0.3034330424545042,0.2750095491084635,25.87976425748165,9.415695798286041e-05,5
