harm,share_A,share_B,share_diff_A_minus_B,lor,p,q,std_resid_A,std_resid_B,chi2_pair,chi2_p_value,chi2_df
diminished health and well-being,0.4074074074074074,0.2857142857142857,0.12169312169312169,0.5193453771107613,0.403197619876928,0.7363636363636363,0.5477063802163045,-0.5378369884181741,15.079534981633982,0.05761727767757109,8
opportunity loss,0.18518518518518517,0.25,-0.06481481481481483,-0.35561730238059697,0.7458143434009494,0.9589041558012207,-0.3670643695633206,0.3604500553811059,15.079534981633982,0.05761727767757109,8
service or benefit loss,0.07407407407407407,0.17857142857142858,-0.1044973544973545,-0.8701353913785373,0.4215518111189587,0.7363636363636363,-0.7748450170097246,0.7608827019228018,15.079534981633982,0.05761727767757109,8
alienation,0.2222222222222222,0.0,0.2222222222222222,2.8468005096025246,0.010210876803551608,0.09189789123196447,1.779796833258439,-1.747725795010606,15.079534981633982,0.05761727767757109,8
loss of agency or control,0.07407407407407407,0.07142857142857142,0.0026455026455026454,0.03846628082779593,1.0,1.0,0.02594996480538411,-0.025482359571881132,15.079534981633982,0.05761727767757109,8
economic loss,0.0,0.10714285714285714,-0.10714285714285714,-2.0214177015634585,0.23636363636363633,0.7363636363636363,-1.2135597524338357,1.1916920198314118,15.079534981633982,0.05761727767757109,8
increased labor,0.0,0.07142857142857142,-0.07142857142857142,-1.6464791841144497,0.49090909090909085,0.7363636363636363,-0.9908673886137245,0.9730124597112039,15.079534981633982,0.05761727767757109,8
privacy violation,0.0,0.03571428571428571,-0.03571428571428571,-1.0986122886681098,1.0,1.0,-0.7006490497453707,0.6880237084407946,15.079534981633982,0.05761727767757109,8
technology-facilitated violence,0.037037037037037035,0.0,0.037037037037037035,1.171371642950538,0.49090909090909085,0.7363636363636363,0.7265990145507547,-0.7135060680126758,15.079534981633982,0.05761727767757109,8
