harm,share_A,share_B,share_diff_A_minus_B,lor,p,q,std_resid_A,std_resid_B,chi2_pair,chi2_p_value,chi2_df
diminished health and well-being,0.27586206896551724,0.34375,-0.06788793103448276,-0.3022808718729335,0.5932738798825535,1.0,-0.34363693163176123,0.3271326127628452,10.675774295652927,0.22075551458194198,8
increased labor,0.1724137931034483,0.15625,0.016163793103448287,0.11551288712184424,1.0,1.0,0.11277876711025918,-0.10736218768385013,10.675774295652927,0.22075551458194198,8
loss of agency or control,0.20689655172413793,0.03125,0.17564655172413793,1.7593241934749013,0.046134824798488676,0.4152134231863981,1.4647876442019845,-1.3944362933144032,10.675774295652927,0.22075551458194198,8
service or benefit loss,0.06896551724137931,0.15625,-0.08728448275862069,-0.7884573603642702,0.4287886986151124,0.9647745718840028,-0.7279006084684708,0.6929407347145193,10.675774295652927,0.22075551458194198,8
alienation,0.034482758620689655,0.125,-0.09051724137931035,-1.0986122886681098,0.35685838658886726,0.9647745718840028,-0.8931622671722551,0.850265146687862,10.675774295652927,0.22075551458194198,8
opportunity loss,0.06896551724137931,0.0625,0.006465517241379309,0.10354067894084036,1.0,1.0,0.07132755515482118,-0.06790180953188897,10.675774295652927,0.22075551458194198,8
economic loss,0.034482758620689655,0.0625,-0.028017241379310345,-0.4430030274272296,1.0,1.0,-0.3569018541337067,0.3397604427680559,10.675774295652927,0.22075551458194198,8
privacy violation,0.10344827586206896,0.0,0.10344827586206896,2.1500055053988283,0.10152820227841064,0.4568769102528479,1.317791461416763,-1.2545000963743602,10.675774295652927,0.22075551458194198,8
technology-facilitated violence,0.034482758620689655,0.0625,-0.028017241379310345,-0.4430030274272296,1.0,1.0,-0.3569018541337067,0.3397604427680559,10.675774295652927,0.22075551458194198,8
