harm,share_A,share_B,share_diff_A_minus_B,lor,p,q,std_resid_A,std_resid_B,chi2_pair,chi2_p_value,chi2_df
group alienation,0.12,0.391304347826087,-0.271304347826087,-1.4378954898949727,0.04582596192641933,0.10692724449497844,-1.3,1.355343691370986,18.803857707509884,0.004508035370894503,6
demeaning,0.08,0.391304347826087,-0.31130434782608696,-1.8178528384559245,0.01570021961400294,0.05495076864901029,-1.5579950208034958,1.6243220943334045,18.803857707509884,0.004508035370894503,6
stereotyping,0.36,0.043478260869565216,0.3165217391304348,2.1559816188021705,0.010982131335795908,0.05495076864901029,1.661425091099004,-1.7321553968511543,18.803857707509884,0.004508035370894503,6
reifying categories,0.2,0.043478260869565216,0.1565217391304348,1.3923734071962728,0.19078838858650832,0.33387968002638957,1.0606601717798212,-1.1058146711617285,18.803857707509884,0.004508035370894503,6
erasure,0.08,0.08695652173913043,-0.006956521739130431,-0.08894748601649617,1.0,1.0,-0.05773502691896267,0.060192926542884544,18.803857707509884,0.004508035370894503,6
denying self-identity,0.08,0.043478260869565216,0.036521739130434785,0.46734051182625186,1.0,1.0,0.35,-0.36490022459988086,18.803857707509884,0.004508035370894503,6
none,0.08,0.0,0.08,1.6094379124341003,0.49024822695035464,0.6863475177304965,0.9389710680668848,-0.9789450103725609,18.803857707509884,0.004508035370894503,6
