harm,share_A,share_B,share_diff_A_minus_B,lor,p,q,std_resid_A,std_resid_B,chi2_pair,chi2_p_value,chi2_df
diminished health and well-being,0.4074074074074074,0.29411764705882354,0.11328976034858385,0.48628451484987323,0.4215131614578001,0.7376480325511502,0.5592125280396226,-0.49833261957618624,14.583232852840696,0.023758064680211983,6
opportunity loss,0.18518518518518517,0.23529411764705882,-0.050108932461873645,-0.27168864747604354,0.7574830601134188,1.0,-0.3143687411068132,0.28014429293602316,14.583232852840696,0.023758064680211983,6
service or benefit loss,0.07407407407407407,0.2647058823529412,-0.1906318082788671,-1.3350010667323402,0.09196746077987758,0.2858278001871529,-1.3001543295183133,1.158610153376739,14.583232852840696,0.023758064680211983,6
alienation,0.2222222222222222,0.0,0.2222222222222222,3.0378557463652336,0.005331076395129779,0.037317534765908454,2.0521435769637537,-1.8287324285094217,14.583232852840696,0.023758064680211983,6
economic loss,0.0,0.11764705882352941,-0.11764705882352941,-2.093683898395379,0.12249762865163696,0.2858278001871529,-1.330598287718231,1.185739762745859,14.583232852840696,0.023758064680211983,6
loss of agency or control,0.07407407407407407,0.058823529411764705,0.015250544662309365,0.24256163717131127,1.0,1.0,0.17248496322273368,-0.15370700628187045,14.583232852840696,0.023758064680211983,6
technology-facilitated violence,0.037037037037037035,0.029411764705882353,0.0076252723311546824,0.23440070583884434,1.0,1.0,0.12196528714750725,-0.10868726645779386,14.583232852840696,0.023758064680211983,6
