harm,share_A,share_B,share_diff_A_minus_B,lor,p,q,std_resid_A,std_resid_B,chi2_pair,chi2_p_value,chi2_df
stereotyping,0.30434782608695654,0.39285714285714285,-0.08850931677018631,-0.36860351480400616,0.5670859870036806,0.9615143929912392,-0.3922740660322835,0.35552856456843174,8.15324977817214,0.2270895122252988,6
denying self-identity,0.13043478260869565,0.32142857142857145,-0.1909937888198758,-1.0485392506857885,0.18433971988525077,0.6451890195983777,-1.036729561719556,0.9396159594539167,8.15324977817214,0.2270895122252988,6
erasure,0.17391304347826086,0.10714285714285714,0.06677018633540373,0.5195784148755854,0.6867959949937423,0.9615143929912392,0.4745373815248899,-0.43008602580860306,8.15324977817214,0.2270895122252988,6
demeaning,0.13043478260869565,0.07142857142857142,0.059006211180124224,0.593192083469027,0.6471661004827464,0.9615143929912392,0.4961918062709225,-0.4497120149145934,8.15324977817214,0.2270895122252988,6
none,0.17391304347826086,0.0,0.17391304347826086,2.576714199041123,0.03543417366946779,0.24803921568627454,1.6350800549265947,-1.4819171472698969,8.15324977817214,0.2270895122252988,6
reifying categories,0.043478260869565216,0.07142857142857142,-0.02795031055900621,-0.34719619998418877,1.0,1.0,-0.3034330424545042,0.2750095491084635,8.15324977817214,0.2270895122252988,6
group alienation,0.043478260869565216,0.03571428571428571,0.007763975155279504,0.20067069546215124,1.0,1.0,0.10323001737691673,-0.09356014857064006,8.15324977817214,0.2270895122252988,6
