harm,share_A,share_B,share_diff_A_minus_B,lor,p,q,std_resid_A,std_resid_B,chi2_pair,chi2_p_value,chi2_df
diminished health and well-being,0.22580645161290322,0.27586206896551724,-0.05005561735261402,-0.2557833253710701,0.7685351062052761,0.8646019944809356,-0.26940795304016235,0.2785430072655778,13.507315820997691,0.09554583361365754,8
increased labor,0.25806451612903225,0.1724137931034483,0.08565072302558396,0.47699076765841364,0.5358357329769804,0.787944437364598,0.49517940871521504,-0.5119698957772221,13.507315820997691,0.09554583361365754,8
service or benefit loss,0.1935483870967742,0.06896551724137931,0.12458286985539488,1.0310189975355815,0.2566371302270853,0.787944437364598,0.9181561700975339,-0.9492889050691345,13.507315820997691,0.09554583361365754,8
loss of agency or control,0.0,0.20689655172413793,-0.20689655172413793,-2.857936482143011,0.009488281566782903,0.08539453410104612,-1.760681686165901,1.820382680495581,13.507315820997691,0.09554583361365754,8
alienation,0.12903225806451613,0.034482758620689655,0.09454949944382647,1.134330371270189,0.3547427891763307,0.787944437364598,0.8814089405208614,-0.9112956546121256,13.507315820997691,0.09554583361365754,8
economic loss,0.0967741935483871,0.034482758620689655,0.06229143492769744,0.8472978603872037,0.6128456735057983,0.787944437364598,0.6492344540642354,-0.6712486220795378,13.507315820997691,0.09554583361365754,8
opportunity loss,0.06451612903225806,0.06896551724137931,-0.004449388209121247,-0.07020425867324857,1.0,1.0,-0.046373889576016965,0.047946330148538406,13.507315820997691,0.09554583361365754,8
privacy violation,0.03225806451612903,0.10344827586206896,-0.07119021134593993,-0.987879811008393,0.3455248290217068,0.787944437364598,-0.7419822332162693,0.7671412823766146,13.507315820997691,0.09554583361365754,8
technology-facilitated violence,0.0,0.034482758620689655,-0.034482758620689655,-1.1986957472250923,0.4833333333333333,0.787944437364598,-0.7187952884282608,0.7431681173023453,13.507315820997691,0.09554583361365754,8
