harm,share_A,share_B,share_diff_A_minus_B,lor,p,q,std_resid_A,std_resid_B,chi2_pair,chi2_p_value,chi2_df
stereotyping,0.30434782608695654,0.4,-0.09565217391304348,-0.39899259360254685,0.5557577103780988,0.972575993161673,-0.4014705492007265,0.3850770231077029,5.531872853489221,0.47761283879302696,6
denying self-identity,0.13043478260869565,0.24,-0.10956521739130434,-0.6690496289808846,0.4656714256405306,0.972575993161673,-0.6320257287002883,0.606217782649107,5.531872853489221,0.47761283879302696,6
demeaning,0.13043478260869565,0.16,-0.029565217391304355,-0.20368637929165145,1.0,1.0,-0.19338169595714821,0.18548520670059346,5.531872853489221,0.47761283879302696,6
erasure,0.17391304347826086,0.04,0.13391304347826086,1.32687094064909,0.17996453900709222,0.6298758865248227,1.0363851614619684,-0.9940657255265702,5.531872853489221,0.47761283879302696,6
none,0.17391304347826086,0.04,0.13391304347826086,1.32687094064909,0.17996453900709222,0.6298758865248227,1.0363851614619684,-0.9940657255265702,5.531872853489221,0.47761283879302696,6
group alienation,0.043478260869565216,0.08,-0.036521739130434785,-0.4673405118262518,1.0,1.0,-0.36490022459988086,0.35,5.531872853489221,0.47761283879302696,6
reifying categories,0.043478260869565216,0.04,0.0034782608695652154,0.08515780834030677,1.0,1.0,0.042562826537937394,-0.040824829046386374,5.531872853489221,0.47761283879302696,6
