harm,share_A,share_B,share_diff_A_minus_B,lor,p,q,std_resid_A,std_resid_B,chi2_pair,chi2_p_value,chi2_df
service or benefit loss,0.2903225806451613,0.1935483870967742,0.09677419354838712,0.5046527646589098,0.5541454914609826,0.8312182371914738,0.5477225575051661,-0.5477225575051661,17.866666666666667,0.022248623802874606,8
increased labor,0.12903225806451613,0.25806451612903225,-0.12903225806451613,-0.793174350242409,0.33537251075821645,0.6036705193647897,-0.8164965809277261,0.8164965809277261,17.866666666666667,0.022248623802874606,8
diminished health and well-being,0.0967741935483871,0.22580645161290322,-0.12903225806451613,-0.9133710217708203,0.3005519247507463,0.6036705193647897,-0.8944271909999159,0.8944271909999159,17.866666666666667,0.022248623802874606,8
alienation,0.12903225806451613,0.12903225806451613,0.0,0.0,1.0,1.0,0.0,0.0,17.866666666666667,0.022248623802874606,8
loss of agency or control,0.22580645161290322,0.0,0.22580645161290322,2.959364629383116,0.0106937599625627,0.0962438396630643,1.8708286933869707,-1.8708286933869707,17.866666666666667,0.022248623802874606,8
economic loss,0.0,0.0967741935483871,-0.0967741935483871,-2.0459936076122958,0.23770491803278682,0.6036705193647897,-1.2247448713915892,1.2247448713915892,17.866666666666667,0.022248623802874606,8
opportunity loss,0.03225806451612903,0.06451612903225806,-0.03225806451612903,-0.5441620440335825,1.0,1.0,-0.4082482904638631,0.4082482904638631,17.866666666666667,0.022248623802874606,8
technology-facilitated violence,0.0967741935483871,0.0,0.0967741935483871,2.0459936076122958,0.23770491803278682,0.6036705193647897,1.2247448713915892,-1.2247448713915892,17.866666666666667,0.022248623802874606,8
privacy violation,0.0,0.03225806451612903,-0.03225806451612903,-1.1308731508863312,1.0,1.0,-0.7071067811865475,0.7071067811865475,17.866666666666667,0.022248623802874606,8
