harm,share_A,share_B,share_diff_A_minus_B,lor,p,q,std_resid_A,std_resid_B,chi2_pair,chi2_p_value,chi2_df
loss of agency or control,0.22580645161290322,0.17647058823529413,0.04933586337760909,0.2943318133645969,0.7587911019087559,0.8536399896473503,0.3212877315609995,-0.3067859955389481,8.297395204416077,0.40497203875048116,8
service or benefit loss,0.2903225806451613,0.11764705882352941,0.1726755218216319,1.0514257762332127,0.1213828022903174,0.8536399896473503,1.1245070604634984,-1.0737509843863184,8.297395204416077,0.40497203875048116,8
alienation,0.12903225806451613,0.20588235294117646,-0.07685009487666034,-0.5108256237659905,0.5158042663672884,0.8536399896473503,-0.5440654543231574,0.5195083585418208,8.297395204416077,0.40497203875048116,8
increased labor,0.12903225806451613,0.17647058823529413,-0.047438330170778004,-0.332006697523238,0.735893236200339,0.8536399896473503,-0.3522349768381734,0.33633639699815615,8.297395204416077,0.40497203875048116,8
diminished health and well-being,0.0967741935483871,0.17647058823529413,-0.07969639468690703,-0.6190392084062235,0.47961185799474215,0.8536399896473503,-0.623764287095758,0.5956098817361238,8.297395204416077,0.40497203875048116,8
technology-facilitated violence,0.0967741935483871,0.058823529411764705,0.03795066413662239,0.4678082386822998,0.6631237614844171,0.8536399896473503,0.3985083851093743,-0.3805211953235953,8.297395204416077,0.40497203875048116,8
privacy violation,0.0,0.058823529411764705,-0.058823529411764705,-1.578185368929996,0.4932692307692307,0.8536399896473503,-0.9766504768063926,0.9325680982740895,8.297395204416077,0.40497203875048116,8
economic loss,0.0,0.029411764705882353,-0.029411764705882353,-1.0370543956686764,1.0,1.0,-0.690596174998875,0.6594252262078514,8.297395204416077,0.40497203875048116,8
opportunity loss,0.03225806451612903,0.0,0.03225806451612903,1.2218449290920579,0.47692307692307684,0.8536399896473503,0.7574280629019918,-0.7232405706795789,8.297395204416077,0.40497203875048116,8
