harm,share_A,share_B,share_diff_A_minus_B,lor,p,q,std_resid_A,std_resid_B,chi2_pair,chi2_p_value,chi2_df
opportunity loss,0.36363636363636365,0.2857142857142857,0.07792207792207795,0.3449789041755413,0.605998663778306,0.7699961729812477,0.4050603584904579,-0.39331697514032776,10.921042209353896,0.14210039643823713,7
diminished health and well-being,0.24242424242424243,0.08571428571428572,0.15670995670995672,1.129864832172214,0.10502438966813399,0.40390732340817975,1.152048614586681,-1.1186487811161925,10.921042209353896,0.14210039643823713,7
loss of agency or control,0.06060606060606061,0.2,-0.1393939393939394,-1.1986957472250923,0.1514652462780674,0.40390732340817975,-1.13290422130401,1.1000594161018067,10.921042209353896,0.14210039643823713,7
increased labor,0.15151515151515152,0.08571428571428572,0.0658008658008658,0.5833211258041441,0.4705413663084327,0.7699961729812477,0.5672273623252055,-0.5507824838698258,10.921042209353896,0.14210039643823713,7
service or benefit loss,0.030303030303030304,0.17142857142857143,-0.14112554112554113,-1.5631868947833447,0.10658247225411406,0.40390732340817975,-1.3005503134833754,1.2628451651586055,10.921042209353896,0.14210039643823713,7
economic loss,0.06060606060606061,0.11428571428571428,-0.053679653679653674,-0.587786664902119,0.6737466513585917,0.7699961729812477,-0.5343239463281864,0.5188329934285482,10.921042209353896,0.14210039643823713,7
alienation,0.06060606060606061,0.05714285714285714,0.0034632034632034667,0.061557892999433365,1.0,1.0,0.04222003309207492,-0.04099600308453925,10.921042209353896,0.14210039643823713,7
privacy violation,0.030303030303030304,0.0,0.030303030303030304,1.186904895813788,0.4852941176470588,0.7699961729812477,0.7388505791113108,-0.7174300539794393,10.921042209353896,0.14210039643823713,7
