harm,share_A,share_B,share_diff_A_minus_B,lor,p,q,std_resid_A,std_resid_B,chi2_pair,chi2_p_value,chi2_df
opportunity loss,0.35294117647058826,0.2857142857142857,0.06722689075630256,0.2995165300987838,0.6113492992084774,0.8558890188918683,0.35213941846657215,-0.34707240007530626,13.652732729455417,0.03376526344491635,6
economic loss,0.29411764705882354,0.11428571428571428,0.17983193277310927,1.0986122886681098,0.07836745449620885,0.274286090736731,1.180825577282865,-1.1638343953725179,13.652732729455417,0.03376526344491635,6
diminished health and well-being,0.20588235294117646,0.08571428571428572,0.12016806722689075,0.9291941367100629,0.18753292040810263,0.3281826107141796,0.933624056536078,-0.9201899164855354,13.652732729455417,0.03376526344491635,6
loss of agency or control,0.058823529411764705,0.2,-0.1411764705882353,-1.2299482907291965,0.15055158987670347,0.3281826107141796,-1.1561761946214677,1.1395396985790716,13.652732729455417,0.03376526344491635,6
service or benefit loss,0.0,0.17142857142857143,-0.17142857142857143,-2.7215184181530767,0.024759147406778818,0.17331403184745173,-1.7194539072421904,1.694712273349371,13.652732729455417,0.03376526344491635,6
increased labor,0.058823529411764705,0.08571428571428572,-0.02689075630252101,-0.3364722366212129,1.0,1.0,-0.295461550301786,0.29121008332370557,13.652732729455417,0.03376526344491635,6
alienation,0.029411764705882353,0.05714285714285714,-0.02773109243697479,-0.5108256237659907,1.0,1.0,-0.3933591969186833,0.38769905726763265,13.652732729455417,0.03376526344491635,6
