harm,share_A,share_B,share_diff_A_minus_B,lor,p,q,std_resid_A,std_resid_B,chi2_pair,chi2_p_value,chi2_df
stereotyping,0.21428571428571427,0.25806451612903225,-0.04377880184331798,-0.22477887465494073,0.7658745901846471,1.0,-0.24987025342954494,0.2374721728601439,3.719411694296486,0.7145854482055145,6
demeaning,0.21428571428571427,0.1935483870967742,0.020737327188940086,0.125163142954006,1.0,1.0,0.12784297268860567,-0.12149965068900642,3.719411694296486,0.7145854482055145,6
erasure,0.17857142857142858,0.1935483870967742,-0.014976958525345613,-0.08537605364889897,1.0,1.0,-0.09643662173617677,0.09165162236263953,3.719411694296486,0.7145854482055145,6
none,0.17857142857142858,0.06451612903225806,0.11405529953917051,1.015847202559931,0.2398028897869,1.0,0.9206215847929687,-0.8749421154462454,3.719411694296486,0.7145854482055145,6
denying self-identity,0.03571428571428571,0.12903225806451613,-0.09331797235023041,-1.0986122886681098,0.3563320926512658,1.0,-0.8912406674747145,0.8470190226393725,3.719411694296486,0.7145854482055145,6
group alienation,0.10714285714285714,0.06451612903225806,0.042626728110599074,0.48218404780260676,0.6606114670343038,1.0,0.407109934525487,-0.38690992392168877,3.719411694296486,0.7145854482055145,6
reifying categories,0.07142857142857142,0.0967741935483871,-0.02534562211981567,-0.26371288233878454,1.0,1.0,-0.2420653664746138,0.23005454935884187,3.719411694296486,0.7145854482055145,6
