harm,share_A,share_B,share_diff_A_minus_B,lor,p,q,std_resid_A,std_resid_B,chi2_pair,chi2_p_value,chi2_df
opportunity loss,0.21212121212121213,0.35294117647058826,-0.14081996434937613,-0.6744550475477927,0.27962097797903585,0.4893367114633127,-0.7708784679319879,0.7594574148034622,16.53395908180328,0.011157599604386493,6
economic loss,0.21212121212121213,0.29411764705882354,-0.08199643493761141,-0.41494385206270823,0.5762920619063107,0.7849853297614492,-0.47453581448785204,0.4675052656087359,16.53395908180328,0.011157599604386493,6
diminished health and well-being,0.030303030303030304,0.20588235294117646,-0.17557932263814616,-1.7764919970972666,0.054400130495065674,0.19040045673272987,-1.4812448772065223,1.459299295454426,16.53395908180328,0.011157599604386493,6
service or benefit loss,0.24242424242424243,0.0,0.24242424242424243,3.1354942159291497,0.002128700758502569,0.014900905309517985,2.045170591879056,-2.0148700932162633,16.53395908180328,0.011157599604386493,6
increased labor,0.18181818181818182,0.058823529411764705,0.12299465240641712,1.1225655296906025,0.1496640379439499,0.3492160885358831,1.0376233149974625,-1.0222502678817806,16.53395908180328,0.011157599604386493,6
loss of agency or control,0.09090909090909091,0.058823529411764705,0.03208556149732621,0.3999856423435387,0.6728445683669565,0.7849853297614492,0.3423916203846609,-0.3373188715016032,16.53395908180328,0.011157599604386493,6
alienation,0.030303030303030304,0.029411764705882353,0.0008912655971479513,0.030305349495329058,1.0,1.0,0.01503801905793428,-0.014815221273649037,16.53395908180328,0.011157599604386493,6
