harm,share_A,share_B,share_diff_A_minus_B,lor,p,q,std_resid_A,std_resid_B,chi2_pair,chi2_p_value,chi2_df
opportunity loss,0.21875,0.2857142857142857,-0.0669642857142857,-0.3364722366212129,0.5839007341953107,0.7590413318025259,-0.39284787852661524,0.37563441882506654,7.96343024709884,0.43705051814381357,8
service or benefit loss,0.1875,0.17142857142857143,0.01607142857142857,0.10724553035359759,1.0,1.0,0.11221980031210883,-0.10730265269346015,7.96343024709884,0.43705051814381357,8
loss of agency or control,0.09375,0.2,-0.10625000000000001,-0.7966262281180659,0.30970236980613,0.7590413318025259,-0.8127080675033774,0.7770975466535235,7.96343024709884,0.43705051814381357,8
diminished health and well-being,0.1875,0.08571428571428572,0.10178571428571428,0.8231345647497387,0.2920880879973995,0.7590413318025259,0.820675004302292,-0.784715395286181,7.96343024709884,0.43705051814381357,8
alienation,0.15625,0.05714285714285714,0.09910714285714287,0.9858167945227655,0.2455785385807407,0.7590413318025259,0.9060696184720707,-0.8663682640372141,7.96343024709884,0.43705051814381357,8
economic loss,0.0625,0.11428571428571428,-0.05178571428571428,-0.5555258026838976,0.6747034060466897,0.7590413318025259,-0.5113755714974836,0.4889685705348145,7.96343024709884,0.43705051814381357,8
increased labor,0.03125,0.08571428571428572,-0.054464285714285715,-0.8160453168830993,0.614967122429809,0.7590413318025259,-0.658699674505787,0.6298373567428559,7.96343024709884,0.43705051814381357,8
privacy violation,0.03125,0.0,0.03125,1.2181574393178922,0.47761194029850745,0.7590413318025259,0.75588487238369,-0.7227641798688508,7.96343024709884,0.43705051814381357,8
technology-facilitated violence,0.03125,0.0,0.03125,1.2181574393178922,0.47761194029850745,0.7590413318025259,0.75588487238369,-0.7227641798688508,7.96343024709884,0.43705051814381357,8
