harm,share_A,share_B,share_diff_A_minus_B,lor,p,q,std_resid_A,std_resid_B,chi2_pair,chi2_p_value,chi2_df
loss of agency or control,0.26666666666666666,0.14705882352941177,0.1196078431372549,0.7061930253932452,0.3514731959441927,1.0,0.7722137674012959,-0.7253685285856034,4.259813389225154,0.7494128055922453,7
opportunity loss,0.16666666666666666,0.20588235294117646,-0.0392156862745098,-0.23464737579569428,0.7568458688596329,1.0,-0.26352313834736496,0.2475368857441686,4.259813389225154,0.7494128055922453,7
increased labor,0.2,0.14705882352941177,0.05294117647058824,0.3527712304582591,0.7422566209912109,1.0,0.37157527073014673,-0.34903419074663794,4.259813389225154,0.7494128055922453,7
economic loss,0.16666666666666666,0.17647058823529413,-0.009803921568627472,-0.05582844955294172,1.0,1.0,-0.06881023532039754,0.0646359612493774,4.259813389225154,0.7494128055922453,7
alienation,0.06666666666666667,0.14705882352941177,-0.0803921568627451,-0.7539711842931008,0.43292192873169666,1.0,-0.7073171983259131,0.6644088166409685,4.259813389225154,0.7494128055922453,7
diminished health and well-being,0.06666666666666667,0.058823529411764705,0.00784313725490196,0.13133600206108675,1.0,1.0,0.09128709291752768,-0.08574929257125441,4.259813389225154,0.7494128055922453,7
service or benefit loss,0.06666666666666667,0.058823529411764705,0.00784313725490196,0.13133600206108675,1.0,1.0,0.09128709291752768,-0.08574929257125441,4.259813389225154,0.7494128055922453,7
privacy violation,0.0,0.058823529411764705,-0.058823529411764705,-1.5459245067117746,0.4940476190476192,1.0,-0.9682458365518541,0.9095085938862486,4.259813389225154,0.7494128055922453,7
