harm,share_A,share_B,share_diff_A_minus_B,lor,p,q,std_resid_A,std_resid_B,chi2_pair,chi2_p_value,chi2_df
opportunity loss,0.25,0.3333333333333333,-0.08333333333333331,-0.3856624808119848,0.5950815598208187,0.8489122817481028,-0.4601789933084224,0.43386091563731244,7.925462962962962,0.4407848571448826,8
service or benefit loss,0.25,0.1111111111111111,0.1388888888888889,0.9185557385050073,0.2030845745399867,0.8470588235294118,0.9901475429766742,-0.9335200560186732,7.925462962962962,0.4407848571448826,8
alienation,0.125,0.1111111111111111,0.013888888888888895,0.13133600206108675,1.0,1.0,0.12126781251816651,-0.1143323900950059,7.925462962962962,0.4407848571448826,8
diminished health and well-being,0.125,0.1111111111111111,0.013888888888888895,0.13133600206108675,1.0,1.0,0.12126781251816651,-0.1143323900950059,7.925462962962962,0.4407848571448826,8
increased labor,0.0625,0.16666666666666666,-0.10416666666666666,-0.9555114450274363,0.2659738108722694,0.8470588235294118,-0.9095085938862486,0.8574929257125441,7.925462962962962,0.4407848571448826,8
loss of agency or control,0.03125,0.1111111111111111,-0.0798611111111111,-1.0673597451640053,0.36049902687303925,0.8470588235294118,-0.8820097371744761,0.8315667549715153,7.925462962962962,0.4407848571448826,8
economic loss,0.09375,0.05555555555555555,0.03819444444444445,0.4930412973127528,0.6602651080263022,0.8489122817481028,0.4218307438660537,-0.39770583933420295,7.925462962962962,0.4407848571448826,8
privacy violation,0.03125,0.0,0.03125,1.2459370034249682,0.47058823529411764,0.8470588235294118,0.7717436331412897,-0.7276068751089989,7.925462962962962,0.4407848571448826,8
technology-facilitated violence,0.03125,0.0,0.03125,1.2459370034249682,0.47058823529411764,0.8470588235294118,0.7717436331412897,-0.7276068751089989,7.925462962962962,0.4407848571448826,8
