harm,share_A,share_B,share_diff_A_minus_B,lor,p,q,std_resid_A,std_resid_B,chi2_pair,chi2_p_value,chi2_df
opportunity loss,0.5,0.3125,0.1875,0.7621400520468967,0.1885801071313613,0.6600303749597646,0.8366600265340758,-0.7826237921249266,7.653797095761383,0.2645797381277284,6
service or benefit loss,0.21428571428571427,0.21875,-0.004464285714285726,-0.017937700686667432,1.0,1.0,-0.02706659809803824,0.025318484177091576,7.653797095761383,0.2645797381277284,6
economic loss,0.10714285714285714,0.125,-0.017857142857142863,-0.14008879317068154,1.0,1.0,-0.14754222271266348,0.13801311186847082,7.653797095761383,0.2645797381277284,6
loss of agency or control,0.10714285714285714,0.09375,0.013392857142857137,0.14571181118139379,1.0,1.0,0.11952286093343947,-0.11180339887498959,7.653797095761383,0.2645797381277284,6
increased labor,0.0,0.15625,-0.15625,-2.4336133554004498,0.05486685738308367,0.38406800168158567,-1.5275252316519468,1.4288690166235207,7.653797095761383,0.2645797381277284,6
diminished health and well-being,0.03571428571428571,0.09375,-0.05803571428571429,-0.7770936017139551,0.6155157033436895,1.0,-0.6343350474165467,0.59336610396393,7.653797095761383,0.2645797381277284,6
alienation,0.03571428571428571,0.0,0.03571428571428571,1.2656663733312759,0.46666666666666673,1.0,0.7807200583588266,-0.7302967433402215,7.653797095761383,0.2645797381277284,6
