harm,share_A,share_B,share_diff_A_minus_B,lor,p,q,std_resid_A,std_resid_B,chi2_pair,chi2_p_value,chi2_df
opportunity loss,0.21875,0.35294117647058826,-0.13419117647058826,-0.6359887667199967,0.28256023556949467,0.635760530031363,-0.7288347957456707,0.7070736109376173,17.881860264348656,0.022129848189804673,8
diminished health and well-being,0.1875,0.20588235294117646,-0.01838235294117646,-0.10605957196032421,1.0,1.0,-0.12070113739631678,0.11709730320404797,17.881860264348656,0.022129848189804673,8
economic loss,0.0625,0.29411764705882354,-0.23161764705882354,-1.6541380913520074,0.02347143212295813,0.10562144455331159,-1.582934559033259,1.5356720906669745,17.881860264348656,0.022129848189804673,8
alienation,0.15625,0.029411764705882353,0.12683823529411764,1.496642418288756,0.10013210832882963,0.3003963249864889,1.22590411904476,-1.189301686988544,17.881860264348656,0.022129848189804673,8
service or benefit loss,0.1875,0.0,0.1875,2.8287639485066745,0.009973632924452594,0.08976269632007335,1.8122060890226885,-1.7580981459830651,17.881860264348656,0.022129848189804673,8
loss of agency or control,0.09375,0.058823529411764705,0.034926470588235295,0.43332206261113054,0.667887667887668,0.8587127158555731,0.36978699847672336,-0.3587460832234464,17.881860264348656,0.022129848189804673,8
increased labor,0.03125,0.058823529411764705,-0.027573529411764705,-0.4795730802618864,1.0,1.0,-0.37688918072220456,0.3656362120635654,17.881860264348656,0.022129848189804673,8
privacy violation,0.03125,0.0,0.03125,1.1895840668738364,0.48484848484848486,0.7272727272727272,0.7398300378117157,-0.7177405625652734,17.881860264348656,0.022129848189804673,8
technology-facilitated violence,0.03125,0.0,0.03125,1.1895840668738364,0.48484848484848486,0.7272727272727272,0.7398300378117157,-0.7177405625652734,17.881860264348656,0.022129848189804673,8
