harm,share_A,share_B,share_diff_A_minus_B,lor,p,q,std_resid_A,std_resid_B,chi2_pair,chi2_p_value,chi2_df
increased labor,0.21875,0.14705882352941177,0.07169117647058823,0.45586673948523326,0.5323739275304769,1.0,0.4899559349388658,-0.4753270756826349,4.4868040966386555,0.7223056957895791,7
opportunity loss,0.15625,0.20588235294117646,-0.04963235294117646,-0.31015492830383945,0.7524332557514289,1.0,-0.33920026264998415,0.32907259085720886,4.4868040966386555,0.7223056957895791,7
loss of agency or control,0.1875,0.14705882352941177,0.04044117647058823,0.27429961501676375,0.7478486864134923,1.0,0.28867513459481303,-0.2800560168056021,4.4868040966386555,0.7223056957895791,7
alienation,0.09375,0.14705882352941177,-0.05330882352941177,-0.45198512374305727,0.7096439419306884,1.0,-0.4462066548000812,0.4328840396692359,4.4868040966386555,0.7223056957895791,7
economic loss,0.0625,0.17647058823529413,-0.11397058823529413,-1.0233340413661975,0.25954360541745924,1.0,-0.9539590550898287,0.925476222741125,4.4868040966386555,0.7223056957895791,7
diminished health and well-being,0.15625,0.058823529411764705,0.0974264705882353,0.9555114450274363,0.2511139134089954,1.0,0.8717859958216939,-0.845756645578146,4.4868040966386555,0.7223056957895791,7
privacy violation,0.0625,0.058823529411764705,0.003676470588235295,0.06351340572232572,1.0,1.0,0.043519413988924414,-0.042220033092074866,4.4868040966386555,0.7223056957895791,7
service or benefit loss,0.0625,0.058823529411764705,0.003676470588235295,0.06351340572232572,1.0,1.0,0.043519413988924414,-0.042220033092074866,4.4868040966386555,0.7223056957895791,7
