harm,share_A,share_B,share_diff_A_minus_B,lor,p,q,std_resid_A,std_resid_B,chi2_pair,chi2_p_value,chi2_df
demeaning,0.30303030303030304,0.26666666666666666,0.036363636363636376,0.16782398172746812,0.7868496390708437,0.7868496390708437,0.1860968420796941,-0.19518001458970655,14.253343928798476,0.026930711152575868,6
group alienation,0.24242424242424243,0.16666666666666666,0.07575757575757577,0.4353180712578454,0.5422981060887209,0.7013044244667723,0.4562074178761325,-0.47847437646934554,14.253343928798476,0.026930711152575868,6
reifying categories,0.30303030303030304,0.03333333333333333,0.2696969696969697,2.1732999912509743,0.006522481754943515,0.045657372284604605,1.765581111909393,-1.8517570923326656,14.253343928798476,0.026930711152575868,6
denying self-identity,0.06060606060606061,0.16666666666666666,-0.10606060606060605,-0.9997664540314771,0.24286960802952084,0.4250218140516615,-0.8703882797784891,0.9128709291752767,14.253343928798476,0.026930711152575868,6
stereotyping,0.030303030303030304,0.16666666666666666,-0.13636363636363635,-1.5418446213015722,0.094252585096816,0.329884047838856,-1.2087344460380705,1.267731382092775,14.253343928798476,0.026930711152575868,6
none,0.030303030303030304,0.13333333333333333,-0.10303030303030303,-1.3027076450116248,0.18270521466749806,0.4250218140516615,-1.0004328067720496,1.049262779742225,14.253343928798476,0.026930711152575868,6
erasure,0.030303030303030304,0.06666666666666667,-0.03636363636363636,-0.6421616258270776,0.6011180781143763,0.7013044244667723,-0.4558423058385518,0.47809144373375745,14.253343928798476,0.026930711152575868,6
