harm,share_A,share_B,share_diff_A_minus_B,lor,p,q,std_resid_A,std_resid_B,chi2_pair,chi2_p_value,chi2_df
demeaning,0.30303030303030304,0.1935483870967742,0.10948191593352885,0.5612511112761535,0.3919103409464435,0.48895140625482386,0.6092717958449424,-0.6286185570937122,18.340514443740247,0.0054352604105084995,6
reifying categories,0.30303030303030304,0.0967741935483871,0.20625610948191594,1.2915159547926012,0.061596504117639145,0.14372517627449133,1.2733969995311432,-1.3138323321574683,18.340514443740247,0.0054352604105084995,6
group alienation,0.24242424242424243,0.06451612903225806,0.17790811339198437,1.3694872428035094,0.08330948237501226,0.14579159415627146,1.2523462828312353,-1.2921131729120725,18.340514443740247,0.0054352604105084995,6
stereotyping,0.030303030303030304,0.25806451612903225,-0.22776148582600195,-2.058840723573685,0.01158490662610959,0.08109434638276714,-1.6900039099032331,1.7436681405099395,18.340514443740247,0.0054352604105084995,6
erasure,0.030303030303030304,0.1935483870967742,-0.16324535679374388,-1.7088987059647383,0.05022228396776882,0.14372517627449133,-1.3734741632285177,1.4170873370181978,18.340514443740247,0.0054352604105084995,6
denying self-identity,0.06060606060606061,0.12903225806451613,-0.06842619745845552,-0.7235882060611808,0.4191012053612776,0.48895140625482386,-0.6218354227038638,0.6415811282184207,18.340514443740247,0.0054352604105084995,6
none,0.030303030303030304,0.06451612903225806,-0.03421309872922776,-0.6076754497559081,0.6071428571428572,0.6071428571428571,-0.4397040441759053,0.45366636644456104,18.340514443740247,0.0054352604105084995,6
