harm,share_A,share_B,share_diff_A_minus_B,lor,p,q,std_resid_A,std_resid_B,chi2_pair,chi2_p_value,chi2_df
demeaning,0.21428571428571427,0.30303030303030304,-0.08874458874458876,-0.4360879683221474,0.5620447525246359,0.6557188779454086,-0.496032266458223,0.4569113786592927,17.552246725136335,0.007454215182429316,6
reifying categories,0.07142857142857142,0.30303030303030304,-0.23160173160173161,-1.5552288371313858,0.02780043109984668,0.14351127985238887,-1.494786672907526,1.3768963950598927,17.552246725136335,0.007454215182429316,6
group alienation,0.10714285714285714,0.24242424242424243,-0.13528138528138528,-0.8873031950009027,0.20068997619512857,0.28096596667317997,-0.9119472903278923,0.8400241715392874,17.552246725136335,0.007454215182429316,6
stereotyping,0.21428571428571427,0.030303030303030304,0.18398268398268397,1.8340618489187444,0.04100322281496825,0.14351127985238887,1.5547335420423083,-1.4321153968765588,17.552246725136335,0.007454215182429316,6
erasure,0.17857142857142858,0.030303030303030304,0.14826839826839827,1.6235226523158393,0.08514212205548123,0.14899871359709216,1.3533215852252893,-1.246588323154469,17.552246725136335,0.007454215182429316,6
none,0.17857142857142858,0.030303030303030304,0.14826839826839827,1.6235226523158393,0.08514212205548123,0.14899871359709216,1.3533215852252893,-1.246588323154469,17.552246725136335,0.007454215182429316,6
denying self-identity,0.03571428571428571,0.06060606060606061,-0.024891774891774895,-0.37502408260692893,1.0,1.0,-0.3213092848305897,0.29596838398483677,17.552246725136335,0.007454215182429316,6
