harm,share_A,share_B,share_diff_A_minus_B,lor,p,q,std_resid_A,std_resid_B,chi2_pair,chi2_p_value,chi2_df
service or benefit loss,0.24242424242424243,0.1875,0.05492424242424243,0.3067302674224753,0.764248316797698,0.9826049787398974,0.3346958500210484,-0.3398852424304093,14.86114868927369,0.061902237726918705,8
opportunity loss,0.21212121212121213,0.21875,-0.006628787878787873,-0.03846628082779617,1.0,1.0,-0.040394326726678094,0.0410206327071182,14.86114868927369,0.061902237726918705,8
economic loss,0.21212121212121213,0.0625,0.14962121212121213,1.2391942392892992,0.14872079851240722,0.33462179665291625,1.1371615949971638,-1.1547930587542552,14.86114868927369,0.061902237726918705,8
increased labor,0.18181818181818182,0.03125,0.15056818181818182,1.6021386099524888,0.10483396385035729,0.31450189155107183,1.2975809353239913,-1.3176996689619445,14.86114868927369,0.061902237726918705,8
diminished health and well-being,0.030303030303030304,0.1875,-0.1571969696969697,-1.6704324251369422,0.053925235642379284,0.31450189155107183,-1.3547071400237893,1.3757116040734763,14.86114868927369,0.061902237726918705,8
alienation,0.030303030303030304,0.15625,-0.1259469696969697,-1.466337068793427,0.10483396385035727,0.31450189155107183,-1.1723637125212782,1.1905409780905571,14.86114868927369,0.061902237726918705,8
loss of agency or control,0.09090909090909091,0.09375,-0.0028409090909090884,-0.033336420267591836,1.0,1.0,-0.02644429426739716,0.02685430777647864,14.86114868927369,0.061902237726918705,8
privacy violation,0.0,0.03125,-0.03125,-1.160170181667543,0.4923076923076923,0.7384615384615384,-0.7125253031944252,0.7235728659282991,14.86114868927369,0.061902237726918705,8
technology-facilitated violence,0.0,0.03125,-0.03125,-1.160170181667543,0.4923076923076923,0.7384615384615384,-0.7125253031944252,0.7235728659282991,14.86114868927369,0.061902237726918705,8
