harm,share_A,share_B,share_diff_A_minus_B,lor,p,q,std_resid_A,std_resid_B,chi2_pair,chi2_p_value,chi2_df
opportunity loss,0.5,0.3333333333333333,0.16666666666666669,0.6729444732424258,0.20728958087063132,0.5254627181385512,0.7783117824941562,-0.6864064729836441,9.64744461887319,0.14030569297210502,6
service or benefit loss,0.21428571428571427,0.1111111111111111,0.10317460317460317,0.7354495602506345,0.3115692779963028,0.5254627181385512,0.7768985960673559,-0.6851601597031488,9.64744461887319,0.14030569297210502,6
loss of agency or control,0.10714285714285714,0.1111111111111111,-0.003968253968253968,-0.008752791109594744,1.0,1.0,-0.03571428571428571,0.0314970394174356,9.64744461887319,0.14030569297210502,6
increased labor,0.0,0.16666666666666666,-0.16666666666666666,-2.4971267611227757,0.03100435604872321,0.21703049234106248,-1.620185174601965,1.4288690166235205,9.64744461887319,0.14030569297210502,6
economic loss,0.10714285714285714,0.05555555555555555,0.051587301587301584,0.6387531084941466,0.6460206240084613,0.7536907280098716,0.5493502655735357,-0.4844813951249544,9.64744461887319,0.14030569297210502,6
alienation,0.03571428571428571,0.1111111111111111,-0.07539682539682539,-0.9315582040049435,0.375330512956108,0.5254627181385512,-0.8028965419920907,0.7080881928749334,9.64744461887319,0.14030569297210502,6
diminished health and well-being,0.03571428571428571,0.1111111111111111,-0.07539682539682539,-0.9315582040049435,0.375330512956108,0.5254627181385512,-0.8028965419920907,0.7080881928749334,9.64744461887319,0.14030569297210502,6
