harm,share_A,share_B,share_diff_A_minus_B,lor,p,q,std_resid_A,std_resid_B,chi2_pair,chi2_p_value,chi2_df
opportunity loss,0.35294117647058826,0.36363636363636365,-0.010695187165775388,-0.0454623740767574,1.0,1.0,-0.051321431942670595,0.05209322610706221,9.006128512010864,0.2522163437563914,7
diminished health and well-being,0.20588235294117646,0.24242424242424243,-0.03654188948306597,-0.20067069546215124,0.7756840327739293,1.0,-0.221799910884218,0.22513543505810002,9.006128512010864,0.2522163437563914,7
economic loss,0.29411764705882354,0.06060606060606061,0.23351158645276293,1.6863989535702288,0.02302616573033402,0.18420932584267216,1.584651654546497,-1.6084823399595367,9.006128512010864,0.2522163437563914,7
increased labor,0.058823529411764705,0.15151515151515152,-0.09269162210338681,-0.919793362425357,0.25853707502838896,0.9816762342135478,-0.8235831628549825,0.8359685670598518,9.006128512010864,0.2522163437563914,7
loss of agency or control,0.058823529411764705,0.06060606060606061,-0.0017825311942959027,-0.03125254350410431,1.0,1.0,-0.020951886854752865,0.021266970502955736,9.006128512010864,0.2522163437563914,7
alienation,0.029411764705882353,0.06060606060606061,-0.031194295900178255,-0.572383516765424,0.6135476463834674,0.9816762342135478,-0.423380213046774,0.42974719006552503,9.006128512010864,0.2522163437563914,7
privacy violation,0.0,0.030303030303030304,-0.030303030303030304,-1.158331523369732,0.49253731343283585,0.9816762342135478,-0.7123641530615954,0.7230769971004929,9.006128512010864,0.2522163437563914,7
service or benefit loss,0.0,0.030303030303030304,-0.030303030303030304,-1.158331523369732,0.49253731343283585,0.9816762342135478,-0.7123641530615954,0.7230769971004929,9.006128512010864,0.2522163437563914,7
