harm,share_A,share_B,share_diff_A_minus_B,a_harm,b_harm,p,q,lor
alienation,0.1111111111111111,0.07692307692307693,0.03418803418803418,4,2,1.0,1.0,0.3052196931171085
diminished health and well-being,0.3611111111111111,0.19230769230769232,0.1688034188034188,13,5,0.1696506018883442,0.6786024075533768,0.8089941071894625
economic loss,0.027777777777777776,0.19230769230769232,-0.16452991452991456,1,5,0.07395099748564117,0.5916079798851294,-1.800762745478014
increased labor,0.1388888888888889,0.23076923076923078,-0.09188034188034189,5,6,0.5023847258952687,0.8038155614324299,-0.5966167443503912
loss of agency or control,0.1388888888888889,0.23076923076923078,-0.09188034188034189,5,6,0.5023847258952687,0.8038155614324299,-0.5966167443503912
opportunity loss,0.08333333333333333,0.0,0.08333333333333333,3,0,0.2575356953992597,0.6867618543980258,1.711509443216469
privacy violation,0.05555555555555555,0.038461538461538464,0.01709401709401709,2,1,1.0,1.0,0.20854475189305718
service or benefit loss,0.08333333333333333,0.038461538461538464,0.044871794871794865,3,1,0.6329625612849449,0.8439500817132598,0.5744308737205633
