harm,share_A,share_B,share_diff_A_minus_B,a_harm,b_harm,p,q,lor
alienation,0.12903225806451613,0.12903225806451613,0.0,4,4,1.0,1.0,0.0
diminished health and well-being,0.0967741935483871,0.22580645161290322,-0.12903225806451613,3,7,0.3005519247507463,0.6036705193647897,-0.9133710217708203
economic loss,0.0,0.0967741935483871,-0.0967741935483871,0,3,0.23770491803278682,0.6036705193647897,-2.0459936076122958
increased labor,0.12903225806451613,0.25806451612903225,-0.12903225806451613,4,8,0.33537251075821645,0.6036705193647897,-0.793174350242409
loss of agency or control,0.22580645161290322,0.0,0.22580645161290322,7,0,0.0106937599625627,0.0962438396630643,2.959364629383116
opportunity loss,0.03225806451612903,0.06451612903225806,-0.03225806451612903,1,2,1.0,1.0,-0.5441620440335825
privacy violation,0.0,0.03225806451612903,-0.03225806451612903,0,1,1.0,1.0,-1.1308731508863312
service or benefit loss,0.2903225806451613,0.1935483870967742,0.09677419354838712,9,6,0.5541454914609826,0.8312182371914738,0.5046527646589098
technology-facilitated violence,0.0967741935483871,0.0,0.0967741935483871,3,0,0.23770491803278682,0.6036705193647897,2.0459936076122958
