harm,share_A,share_B,share_diff_A_minus_B,a_harm,b_harm,p,q,lor
demeaning,0.08,0.07142857142857142,0.008571428571428577,2,2,1.0,1.0,0.12014431184206321
denying self-identity,0.08,0.32142857142857145,-0.24142857142857144,2,9,0.0431604195271043,0.3021229366897301,-1.5215870223127523
erasure,0.08,0.10714285714285714,-0.027142857142857135,2,3,1.0,1.0,-0.2547942056069459
group alienation,0.12,0.03571428571428571,0.08428571428571428,3,1,0.3330487492529668,0.5828353111926918,1.0479685558493548
none,0.08,0.0,0.08,2,0,0.21770682148040635,0.5468431451263766,1.802341578558592
reifying categories,0.2,0.07142857142857142,0.1285714285714286,5,2,0.23436134791130425,0.5468431451263766,1.0451772072120842
stereotyping,0.36,0.39285714285714285,-0.03285714285714286,9,11,1.0,1.0,-0.13221473673977568
