bias_type,demeaning,denying self-identity,erasure,group alienation,none,reifying categories,stereotyping
algorithmic,0.08,0.08,0.08,0.12,0.08,0.2,0.36
deployment,0.13043478260869565,0.13043478260869565,0.17391304347826086,0.043478260869565216,0.17391304347826086,0.043478260869565216,0.30434782608695654
evaluation,0.391304347826087,0.043478260869565216,0.08695652173913043,0.391304347826087,0.0,0.043478260869565216,0.043478260869565216
measurement,0.07142857142857142,0.32142857142857145,0.10714285714285714,0.03571428571428571,0.0,0.07142857142857142,0.39285714285714285
representation,0.16,0.24,0.04,0.08,0.04,0.04,0.4
