harm,share_A,share_B,share_diff_A_minus_B,a_harm,b_harm,p,q,lor
alienation,0.0,0.0,0.0,0,0,1.0,1.0,-0.19105523676270922
diminished health and well-being,0.29411764705882354,0.2857142857142857,0.00840336134453784,10,8,1.0,1.0,0.03306086226088821
economic loss,0.11764705882352941,0.10714285714285714,0.010504201680672273,4,3,1.0,1.0,0.07226619683192047
increased labor,0.0,0.07142857142857142,-0.07142857142857142,0,2,0.19989423585404548,1.0,-1.873252503479238
loss of agency or control,0.058823529411764705,0.07142857142857142,-0.01260504201680672,2,2,1.0,1.0,-0.20409535634351528
opportunity loss,0.23529411764705882,0.25,-0.01470588235294118,8,7,1.0,1.0,-0.08392865490455349
privacy violation,0.0,0.03571428571428571,-0.03571428571428571,0,1,0.4516129032258065,1.0,-1.325385608032898
service or benefit loss,0.2647058823529412,0.17857142857142858,0.0861344537815126,9,5,0.5457252335702241,1.0,0.46486567535380274
technology-facilitated violence,0.029411764705882353,0.0,0.029411764705882353,1,0,1.0,1.0,0.9369709371116938
