harm,share_A,share_B,share_diff_A_minus_B,a_harm,b_harm,p,q,lor
alienation,0.2222222222222222,0.0,0.2222222222222222,6,0,0.005331076395129779,0.047979687556168014,3.0378557463652336
diminished health and well-being,0.4074074074074074,0.29411764705882354,0.11328976034858385,11,10,0.4215131614578001,0.9484046132800502,0.48628451484987323
economic loss,0.0,0.11764705882352941,-0.11764705882352941,0,4,0.12249762865163696,0.3674928859549109,-2.093683898395379
increased labor,0.0,0.0,0.0,0,0,1.0,1.0,0.22677331936478837
loss of agency or control,0.07407407407407407,0.058823529411764705,0.015250544662309365,2,2,1.0,1.0,0.24256163717131127
opportunity loss,0.18518518518518517,0.23529411764705882,-0.050108932461873645,5,8,0.7574830601134188,1.0,-0.27168864747604354
privacy violation,0.0,0.0,0.0,0,0,1.0,1.0,0.22677331936478837
service or benefit loss,0.07407407407407407,0.2647058823529412,-0.1906318082788671,2,9,0.09196746077987758,0.3674928859549109,-1.3350010667323402
technology-facilitated violence,0.037037037037037035,0.029411764705882353,0.0076252723311546824,1,1,1.0,1.0,0.23440070583884434
