harm,share_A,share_B,share_diff_A_minus_B,a_harm,b_harm,p,q,lor
alienation,0.07692307692307693,0.0625,0.014423076923076927,2,2,1.0,1.0,0.21905356606268467
diminished health and well-being,0.19230769230769232,0.28125,-0.08894230769230768,5,9,0.5429640765431656,1.0,-0.4575962203515737
economic loss,0.19230769230769232,0.03125,0.16105769230769232,5,1,0.08008284942161598,0.3203313976864639,1.6812175948282313
increased labor,0.23076923076923078,0.1875,0.04326923076923078,6,6,0.7517298706759005,1.0,0.25671984684781407
loss of agency or control,0.23076923076923078,0.15625,0.07451923076923078,6,5,0.517204299793403,1.0,0.46081520319132924
opportunity loss,0.0,0.03125,-0.03125,0,1,1.0,1.0,-0.9257694758286987
privacy violation,0.038461538461538464,0.03125,0.007211538461538464,1,1,1.0,1.0,0.21130909366720696
service or benefit loss,0.038461538461538464,0.21875,-0.18028846153846154,1,7,0.0629395869389343,0.3203313976864639,-1.6094379124341005
