harm,share_A,share_B,share_diff_A_minus_B,a_harm,b_harm,p,q,lor
alienation,0.1111111111111111,0.05714285714285714,0.053968253968253964,4,2,0.6737073968796559,1.0,0.6180920143974481
diminished health and well-being,0.3611111111111111,0.3142857142857143,0.046825396825396826,13,11,0.802937672838101,1.0,0.2020153464757475
economic loss,0.027777777777777776,0.05714285714285714,-0.029365079365079365,1,2,0.614206981016534,1.0,-0.56881288141634
increased labor,0.1388888888888889,0.17142857142857143,-0.032539682539682535,5,6,0.7530545161554782,1.0,-0.2326513671489795
loss of agency or control,0.1388888888888889,0.11428571428571428,0.024603174603174613,5,4,1.0,1.0,0.20067069546215124
opportunity loss,0.08333333333333333,0.05714285714285714,0.026190476190476188,3,2,1.0,1.0,0.336472236621213
privacy violation,0.05555555555555555,0.0,0.05555555555555555,2,0,0.49295774647887325,1.0,1.6380112848781563
service or benefit loss,0.08333333333333333,0.22857142857142856,-0.14523809523809522,3,8,0.11133054496100829,0.8906443596880663,-1.084662629159398
