harm,share_A,share_B,share_diff_A_minus_B,a_harm,b_harm,p,q,lor
alienation,0.16,0.0,0.16,4,0,0.04319986339964142,0.3887987705967728,2.4790757294772074
diminished health and well-being,0.24,0.2857142857142857,-0.04571428571428571,6,8,0.7632392737536595,0.9813076376832764,-0.21825356602001794
economic loss,0.08,0.10714285714285714,-0.027142857142857135,2,3,1.0,1.0,-0.2547942056069459
increased labor,0.12,0.07142857142857142,0.04857142857142857,3,2,0.6575233867131758,0.9813076376832764,0.500101660403015
loss of agency or control,0.12,0.07142857142857142,0.04857142857142857,3,2,0.6575233867131758,0.9813076376832764,0.500101660403015
opportunity loss,0.2,0.25,-0.04999999999999999,5,7,0.749906777943689,0.9813076376832764,-0.26252687931458485
privacy violation,0.0,0.03571428571428571,-0.03571428571428571,0,1,1.0,1.0,-1.0231047361599646
service or benefit loss,0.04,0.17857142857142858,-0.13857142857142857,1,5,0.1959483357929529,0.8817675110682881,-1.340955680530829
technology-facilitated violence,0.04,0.0,0.04,1,0,0.4716981132075472,0.9813076376832764,1.2498432583920334
