harm,share_A,share_B,share_diff_A_minus_B,a_harm,b_harm,p,q,lor
demeaning,0.08,0.391304347826087,-0.31130434782608696,2,9,0.01570021961400294,0.05495076864901029,-1.8178528384559245
denying self-identity,0.08,0.043478260869565216,0.036521739130434785,2,1,1.0,1.0,0.46734051182625186
erasure,0.08,0.08695652173913043,-0.006956521739130431,2,2,1.0,1.0,-0.08894748601649617
group alienation,0.12,0.391304347826087,-0.271304347826087,3,9,0.04582596192641933,0.10692724449497844,-1.4378954898949727
none,0.08,0.0,0.08,2,0,0.49024822695035464,0.6863475177304965,1.6094379124341003
reifying categories,0.2,0.043478260869565216,0.1565217391304348,5,1,0.19078838858650832,0.33387968002638957,1.3923734071962728
stereotyping,0.36,0.043478260869565216,0.3165217391304348,9,1,0.010982131335795908,0.05495076864901029,2.1559816188021705
