harm,share_A,share_B,share_diff_A_minus_B,a_harm,b_harm,p,q,lor
alienation,0.0,0.1111111111111111,-0.1111111111111111,0,3,0.08127257571547651,0.7314531814392886,-2.2881963555419462
diminished health and well-being,0.29411764705882354,0.25925925925925924,0.034858387799564294,10,7,1.0,1.0,0.1582240052148942
economic loss,0.11764705882352941,0.07407407407407407,0.04357298474945534,4,2,0.684771134896674,1.0,0.4087384334531335
increased labor,0.0,0.0,0.0,0,0,1.0,1.0,-0.22677331936478834
loss of agency or control,0.058823529411764705,0.1111111111111111,-0.0522875816993464,2,3,0.6469436710842749,1.0,-0.6190392084062233
opportunity loss,0.23529411764705882,0.2222222222222222,0.01307189542483661,8,6,1.0,1.0,0.059172188736120034
privacy violation,0.0,0.037037037037037035,-0.037037037037037035,0,1,0.442622950819672,1.0,-1.3624268797132473
service or benefit loss,0.2647058823529412,0.1111111111111111,0.15359477124183007,9,3,0.19741954063742723,0.8883879328684225,0.958523495497428
technology-facilitated violence,0.029411764705882353,0.07407407407407407,-0.04466230936819172,1,2,0.5791330925257016,1.0,-0.7836926104326309
