harm,share_A,share_B,share_diff_A_minus_B,a_harm,b_harm,p,q,lor
demeaning,0.08,0.16,-0.08,2,4,0.667100882906354,1.0,-0.6767341509186152
denying self-identity,0.08,0.24,-0.15999999999999998,2,6,0.24671897457647085,0.863516411017648,-1.1420974006078484
erasure,0.08,0.04,0.04,2,1,1.0,1.0,0.5524983201665586
group alienation,0.12,0.08,0.039999999999999994,3,2,1.0,1.0,0.3799573485609518
none,0.08,0.04,0.04,2,1,1.0,1.0,0.5524983201665586
reifying categories,0.2,0.04,0.16,5,1,0.1894630192502533,0.863516411017648,1.4775312155365798
stereotyping,0.36,0.4,-0.040000000000000036,9,10,1.0,1.0,-0.16260381553831635
