harm,share_A,share_B,share_diff_A_minus_B,a_harm,b_harm,p,q,lor
alienation,0.20588235294117646,0.034482758620689655,0.1713995943204868,7,1,0.059780539135066486,0.5380248522155984,1.6451559950361796
diminished health and well-being,0.17647058823529413,0.27586206896551724,-0.09939148073022311,6,8,0.3781356934725423,1.0,-0.550115138735667
economic loss,0.029411764705882353,0.034482758620689655,-0.005070993914807302,1,1,1.0,1.0,-0.1616413515564159
increased labor,0.17647058823529413,0.1724137931034483,0.004056795131845842,6,5,1.0,1.0,0.01582311493924266
loss of agency or control,0.17647058823529413,0.20689655172413793,-0.0304259634888438,6,6,1.0,1.0,-0.1929036661244917
opportunity loss,0.0,0.06896551724137931,-0.06896551724137931,0,2,0.20788530465949825,0.9354838709677421,-1.836211231798889
privacy violation,0.058823529411764705,0.10344827586206896,-0.04462474645030426,2,3,0.6543524137031296,1.0,-0.5405675929647281
service or benefit loss,0.11764705882352941,0.06896551724137931,0.0486815415821501,4,2,0.6781901782753273,1.0,0.4842459859612787
technology-facilitated violence,0.058823529411764705,0.034482758620689655,0.02434077079107505,2,1,1.0,1.0,0.3794896217049038
