bias_type,alienation,diminished health and well-being,economic loss,increased labor,loss of agency or control,opportunity loss,privacy violation,service or benefit loss,technology-facilitated violence
algorithmic,0.12903225806451613,0.0967741935483871,0.0,0.12903225806451613,0.22580645161290322,0.03225806451612903,0.0,0.2903225806451613,0.0967741935483871
deployment,0.20588235294117646,0.17647058823529413,0.029411764705882353,0.17647058823529413,0.17647058823529413,0.0,0.058823529411764705,0.11764705882352941,0.058823529411764705
evaluation,0.12903225806451613,0.22580645161290322,0.0967741935483871,0.25806451612903225,0.0,0.06451612903225806,0.03225806451612903,0.1935483870967742,0.0
measurement,0.034482758620689655,0.27586206896551724,0.034482758620689655,0.1724137931034483,0.20689655172413793,0.06896551724137931,0.10344827586206896,0.06896551724137931,0.034482758620689655
representation,0.125,0.34375,0.0625,0.15625,0.03125,0.0625,0.0,0.15625,0.0625
