harm,share_A,share_B,share_diff_A_minus_B,a_harm,b_harm,p,q,lor
alienation,0.2222222222222222,0.0,0.2222222222222222,6,0,0.010210876803551608,0.09189789123196447,2.8468005096025246
diminished health and well-being,0.4074074074074074,0.2857142857142857,0.12169312169312169,11,8,0.403197619876928,0.7363636363636363,0.5193453771107613
economic loss,0.0,0.10714285714285714,-0.10714285714285714,0,3,0.23636363636363633,0.7363636363636363,-2.0214177015634585
increased labor,0.0,0.07142857142857142,-0.07142857142857142,0,2,0.49090909090909085,0.7363636363636363,-1.6464791841144497
loss of agency or control,0.07407407407407407,0.07142857142857142,0.0026455026455026454,2,2,1.0,1.0,0.03846628082779593
opportunity loss,0.18518518518518517,0.25,-0.06481481481481483,5,7,0.7458143434009494,0.9589041558012207,-0.35561730238059697
privacy violation,0.0,0.03571428571428571,-0.03571428571428571,0,1,1.0,1.0,-1.0986122886681098
service or benefit loss,0.07407407407407407,0.17857142857142858,-0.1044973544973545,2,5,0.4215518111189587,0.7363636363636363,-0.8701353913785373
technology-facilitated violence,0.037037037037037035,0.0,0.037037037037037035,1,0,0.49090909090909085,0.7363636363636363,1.171371642950538
