harm,share_A,share_B,share_diff_A_minus_B,a_harm,b_harm,p,q,lor
alienation,0.1111111111111111,0.0,0.1111111111111111,3,0,0.11149228130360206,1.0,2.097141118779237
diminished health and well-being,0.25925925925925924,0.2857142857142857,-0.026455026455026454,7,8,1.0,1.0,-0.12516314295400605
economic loss,0.07407407407407407,0.10714285714285714,-0.03306878306878307,2,3,1.0,1.0,-0.33647223662121306
increased labor,0.0,0.07142857142857142,-0.07142857142857142,0,2,0.49090909090909085,1.0,-1.6464791841144497
loss of agency or control,0.1111111111111111,0.07142857142857142,0.03968253968253968,3,2,0.6694581777822621,1.0,0.41494385206270795
opportunity loss,0.2222222222222222,0.25,-0.02777777777777779,6,7,1.0,1.0,-0.14310084364067344
privacy violation,0.037037037037037035,0.03571428571428571,0.0013227513227513227,1,1,1.0,1.0,0.037041271680349076
service or benefit loss,0.1111111111111111,0.17857142857142858,-0.06746031746031747,3,5,0.704873373019877,1.0,-0.4936578201436253
technology-facilitated violence,0.07407407407407407,0.0,0.07407407407407407,2,0,0.23636363636363633,1.0,1.7206635475443248
