bias_type,alienation,diminished health and well-being,economic loss,increased labor,loss of agency or control,opportunity loss,privacy violation,service or benefit loss
algorithmic,0.1111111111111111,0.3611111111111111,0.027777777777777776,0.1388888888888889,0.1388888888888889,0.08333333333333333,0.05555555555555555,0.08333333333333333
deployment,0.07692307692307693,0.19230769230769232,0.19230769230769232,0.23076923076923078,0.23076923076923078,0.0,0.038461538461538464,0.038461538461538464
evaluation,0.05714285714285714,0.3142857142857143,0.05714285714285714,0.17142857142857143,0.11428571428571428,0.05714285714285714,0.0,0.22857142857142856
measurement,0.0625,0.28125,0.03125,0.1875,0.15625,0.03125,0.03125,0.21875
representation,0.03333333333333333,0.26666666666666666,0.06666666666666667,0.1,0.23333333333333334,0.13333333333333333,0.03333333333333333,0.13333333333333333
