harm,share_A,share_B,share_diff_A_minus_B,a_harm,b_harm,p,q,lor
alienation,0.12903225806451613,0.20588235294117646,-0.07685009487666034,4,7,0.5158042663672884,0.8536399896473503,-0.5108256237659905
diminished health and well-being,0.0967741935483871,0.17647058823529413,-0.07969639468690703,3,6,0.47961185799474215,0.8536399896473503,-0.6190392084062235
economic loss,0.0,0.029411764705882353,-0.029411764705882353,0,1,1.0,1.0,-1.0370543956686764
increased labor,0.12903225806451613,0.17647058823529413,-0.047438330170778004,4,6,0.735893236200339,0.8536399896473503,-0.332006697523238
loss of agency or control,0.22580645161290322,0.17647058823529413,0.04933586337760909,7,6,0.7587911019087559,0.8536399896473503,0.2943318133645969
opportunity loss,0.03225806451612903,0.0,0.03225806451612903,1,0,0.47692307692307684,0.8536399896473503,1.2218449290920579
privacy violation,0.0,0.058823529411764705,-0.058823529411764705,0,2,0.4932692307692307,0.8536399896473503,-1.578185368929996
service or benefit loss,0.2903225806451613,0.11764705882352941,0.1726755218216319,9,4,0.1213828022903174,0.8536399896473503,1.0514257762332127
technology-facilitated violence,0.0967741935483871,0.058823529411764705,0.03795066413662239,3,2,0.6631237614844171,0.8536399896473503,0.4678082386822998
