harm,share_A,share_B,share_diff_A_minus_B,a_harm,b_harm,p,q,lor
alienation,0.07692307692307693,0.05714285714285714,0.019780219780219786,2,2,1.0,1.0,0.3128723212803396
diminished health and well-being,0.19230769230769232,0.3142857142857143,-0.12197802197802196,5,11,0.38126740870556985,0.6703096539162114,-0.6069787607137149
economic loss,0.19230769230769232,0.05714285714285714,0.13516483516483518,5,2,0.12510457381537218,0.5004182952614887,1.231949864061674
increased labor,0.23076923076923078,0.17142857142857143,0.05934065934065935,6,6,0.7460826911443919,0.8526659327364479,0.3639653772014116
loss of agency or control,0.23076923076923078,0.11428571428571428,0.1164835164835165,6,4,0.3002188158948717,0.6703096539162114,0.7972874398125424
opportunity loss,0.0,0.05714285714285714,-0.05714285714285714,0,2,0.5027322404371586,0.6703096539162114,-1.375037206595256
privacy violation,0.038461538461538464,0.0,0.038461538461538464,1,0,0.42622950819672134,0.6703096539162114,1.4294665329850995
service or benefit loss,0.038461538461538464,0.22857142857142856,-0.1901098901098901,1,8,0.06526060366776983,0.5004182952614887,-1.6590935028799612
