harm,share_A,share_B,share_diff_A_minus_B,a_harm,b_harm,p,q,lor
alienation,0.05714285714285714,0.0625,-0.005357142857142859,2,2,1.0,1.0,-0.09381875521765486
diminished health and well-being,0.3142857142857143,0.28125,0.03303571428571428,11,9,0.7956807744410279,1.0,0.14938254036214124
economic loss,0.05714285714285714,0.03125,0.02589285714285714,2,1,1.0,1.0,0.44926773076655724
increased labor,0.17142857142857143,0.1875,-0.01607142857142857,6,6,1.0,1.0,-0.10724553035359768
loss of agency or control,0.11428571428571428,0.15625,-0.04196428571428572,4,5,0.7269786319646772,1.0,-0.33647223662121306
opportunity loss,0.05714285714285714,0.03125,0.02589285714285714,2,1,1.0,1.0,0.44926773076655724
privacy violation,0.0,0.03125,-0.03125,0,1,0.47761194029850745,1.0,-1.2181574393178922
service or benefit loss,0.22857142857142856,0.21875,0.009821428571428564,8,7,1.0,1.0,0.04965559044586076
