harm,share_A,share_B,share_diff_A_minus_B,a_harm,b_harm,p,q,lor
alienation,0.12903225806451613,0.034482758620689655,0.09454949944382647,4,1,0.3547427891763307,0.787944437364598,1.134330371270189
diminished health and well-being,0.0967741935483871,0.27586206896551724,-0.17908787541713014,3,8,0.0996835709356538,0.32033898305084746,-1.1691543471418904
economic loss,0.0,0.034482758620689655,-0.034482758620689655,0,1,0.4833333333333333,0.787944437364598,-1.1986957472250923
increased labor,0.12903225806451613,0.1724137931034483,-0.04338153503893216,4,5,0.7270163554655165,0.817893399898706,-0.31618358258399554
loss of agency or control,0.22580645161290322,0.20689655172413793,0.01890989988876529,7,6,1.0,1.0,0.10142814724010533
opportunity loss,0.03225806451612903,0.06896551724137931,-0.03670745272525028,1,2,0.6059322033898304,0.787944437364598,-0.6143663027068311
privacy violation,0.0,0.10344827586206896,-0.10344827586206896,0,3,0.10677966101694916,0.32033898305084746,-2.118752961894724
service or benefit loss,0.2903225806451613,0.06896551724137931,0.221357063403782,9,2,0.043385979103404776,0.32033898305084746,1.535671762194491
technology-facilitated violence,0.0967741935483871,0.034482758620689655,0.06229143492769744,3,1,0.6128456735057983,0.787944437364598,0.8472978603872037
