harm,share_A,share_B,share_diff_A_minus_B,a_harm,b_harm,p,q,lor
alienation,0.07692307692307693,0.03333333333333333,0.043589743589743594,2,1,0.5919913419913421,0.7893217893217894,0.6965427695610834
diminished health and well-being,0.19230769230769232,0.26666666666666666,-0.07435897435897434,5,8,0.545329573017485,0.7893217893217894,-0.3898556971810881
economic loss,0.19230769230769232,0.06666666666666667,0.12564102564102564,5,2,0.23134508234397244,0.7169539056331509,1.070308512505258
increased labor,0.23076923076923078,0.1,0.13076923076923078,6,3,0.27705867938942297,0.7169539056331509,0.9128003269343866
loss of agency or control,0.23076923076923078,0.23333333333333334,-0.002564102564102555,6,7,1.0,1.0,-0.006525308634922627
opportunity loss,0.0,0.13333333333333333,-0.13333333333333333,0,4,0.1153175964496719,0.7169539056331509,-2.197224577336219
privacy violation,0.038461538461538464,0.03333333333333333,0.005128205128205131,1,1,1.0,1.0,0.1457118111813936
service or benefit loss,0.038461538461538464,0.13333333333333333,-0.09487179487179487,1,4,0.35847695281657543,0.7169539056331509,-1.0601460078403138
