harm,share_A,share_B,share_diff_A_minus_B,a_harm,b_harm,p,q,lor
demeaning,0.13043478260869565,0.07142857142857142,0.059006211180124224,3,2,0.6471661004827464,0.9615143929912392,0.593192083469027
denying self-identity,0.13043478260869565,0.32142857142857145,-0.1909937888198758,3,9,0.18433971988525077,0.6451890195983777,-1.0485392506857885
erasure,0.17391304347826086,0.10714285714285714,0.06677018633540373,4,3,0.6867959949937423,0.9615143929912392,0.5195784148755854
group alienation,0.043478260869565216,0.03571428571428571,0.007763975155279504,1,1,1.0,1.0,0.20067069546215124
none,0.17391304347826086,0.0,0.17391304347826086,4,0,0.03543417366946779,0.24803921568627454,2.576714199041123
reifying categories,0.043478260869565216,0.07142857142857142,-0.02795031055900621,1,2,1.0,1.0,-0.34719619998418877
stereotyping,0.30434782608695654,0.39285714285714285,-0.08850931677018631,7,11,0.5670859870036806,0.9615143929912392,-0.36860351480400616
