bias_type,demeaning,denying self-identity,erasure,group alienation,none,reifying categories,stereotyping
algorithmic,-1.0120563544171486,-1.0856485953124242,-0.26960744062991066,-0.12572371141874233,0.4955562903105553,2.10145878671414,0.483654733800894
deployment,-0.3684621769959269,-0.4535639938682972,1.1892065626771293,-1.1422339765665357,2.37094252634555,-0.627669614096483,-0.018225719895980368
evaluation,2.7467180466969108,-1.4669321963848532,-0.1513535625225436,3.501602518326921,-1.1394679007212942,-0.627669614096483,-2.2782149869975274
measurement,-1.1839946444018867,1.9553946243488018,0.17636890537566471,-1.3746595724368145,-1.2572371141874241,-0.17173551629643688,0.8259230718952093
representation,-0.016064386578049962,0.8583286728282347,-0.9125174913627744,-0.6825001477017445,-0.3462105589840867,-0.7156319111513016,0.8449389927846943
