harm,share_A,share_B,share_diff_A_minus_B,a_harm,b_harm,p,q,lor
alienation,0.20588235294117646,0.12903225806451613,0.07685009487666034,7,4,0.5158042663672883,0.7057195383121939,0.5108256237659906
diminished health and well-being,0.17647058823529413,0.22580645161290322,-0.04933586337760909,6,7,0.7587911019087559,0.8536399896473503,-0.29433181336459696
economic loss,0.029411764705882353,0.0967741935483871,-0.06736242884250473,1,3,0.3407051282051282,0.7057195383121939,-1.0089392119436196
increased labor,0.17647058823529413,0.25806451612903225,-0.08159392789373812,6,8,0.5488929742428175,0.7057195383121939,-0.46116765271917104
loss of agency or control,0.17647058823529413,0.0,0.17647058823529413,6,0,0.025196285954482672,0.22676657359034405,2.665032816018519
opportunity loss,0.0,0.06451612903225806,-0.06451612903225806,0,2,0.22355769230769226,0.7057195383121939,-1.7660069731256403
privacy violation,0.058823529411764705,0.03225806451612903,0.026565464895635674,2,1,1.0,1.0,0.44731221804366494
service or benefit loss,0.11764705882352941,0.1935483870967742,-0.07590132827324478,4,6,0.49950137971298825,0.7057195383121939,-0.5467730115743028
technology-facilitated violence,0.058823529411764705,0.0,0.058823529411764705,2,0,0.4932692307692307,0.7057195383121939,1.578185368929996
