harm,share_A,share_B,share_diff_A_minus_B,a_harm,b_harm,p,q,lor
demeaning,0.08,0.13043478260869565,-0.05043478260869565,2,3,0.6601654846335696,0.7648129054942877,-0.4730477716269638
denying self-identity,0.08,0.13043478260869565,-0.05043478260869565,2,3,0.6601654846335696,0.7648129054942877,-0.4730477716269638
erasure,0.08,0.17391304347826086,-0.09391304347826086,2,4,0.40726538017483094,0.7648129054942877,-0.7743726204825312
group alienation,0.12,0.043478260869565216,0.07652173913043478,3,1,0.6099290780141846,0.7648129054942877,0.8472978603872037
none,0.08,0.17391304347826086,-0.09391304347826086,2,4,0.40726538017483094,0.7648129054942877,-0.7743726204825312
reifying categories,0.2,0.043478260869565216,0.1565217391304348,5,1,0.19078838858650832,0.7648129054942877,1.3923734071962728
stereotyping,0.36,0.30434782608695654,0.055652173913043446,9,7,0.7648129054942877,0.7648129054942877,0.23638877806423053
