harm,share_A,share_B,share_diff_A_minus_B,a_harm,b_harm,p,q,lor
demeaning,0.13043478260869565,0.391304347826087,-0.26086956521739135,3,9,0.09093364056495086,0.18992248062015504,-1.3448050668289608
denying self-identity,0.13043478260869565,0.043478260869565216,0.08695652173913043,3,1,0.6077519379844961,0.7760131089682988,0.9403882834532156
erasure,0.17391304347826086,0.08695652173913043,0.08695652173913043,4,2,0.665154093401399,0.7760131089682988,0.685425134466035
group alienation,0.043478260869565216,0.391304347826087,-0.34782608695652173,1,9,0.009782984258310408,0.06848088980817285,-2.2851933502821766
none,0.17391304347826086,0.0,0.17391304347826086,4,0,0.10852713178294573,0.18992248062015504,2.3838105329166317
reifying categories,0.043478260869565216,0.043478260869565216,0.0,1,1,1.0,1.0,0.0
stereotyping,0.30434782608695654,0.043478260869565216,0.26086956521739135,7,1,0.0469770350655206,0.16441962272932212,1.91959284073794
