harm,share_A,share_B,share_diff_A_minus_B,a_harm,b_harm,p,q,lor
alienation,0.20588235294117646,0.125,0.08088235294117646,7,4,0.5130871185915715,0.9115384615384614,0.5465437063680699
diminished health and well-being,0.17647058823529413,0.34375,-0.16727941176470587,6,11,0.16189406674378087,0.6937062937062936,-0.8523960106086006
economic loss,0.029411764705882353,0.0625,-0.03308823529411765,1,2,0.6076923076923076,0.9115384615384614,-0.6046443789836455
increased labor,0.17647058823529413,0.15625,0.02022058823529413,6,5,1.0,1.0,0.13133600206108675
loss of agency or control,0.17647058823529413,0.03125,0.14522058823529413,6,1,0.10605296343001261,0.6937062937062936,1.5664205273504097
opportunity loss,0.0,0.0625,-0.0625,0,2,0.2312354312354312,0.6937062937062936,-1.7326705528580484
privacy violation,0.058823529411764705,0.0,0.058823529411764705,2,0,0.4927738927738927,0.9115384615384614,1.6094379124341003
service or benefit loss,0.11764705882352941,0.15625,-0.03860294117647059,4,5,0.7296684976596062,0.9381452112766365,-0.30421137440299156
technology-facilitated violence,0.058823529411764705,0.0625,-0.003676470588235295,2,2,1.0,1.0,-0.06351340572232575
