harm,share_A,share_B,share_diff_A_minus_B,a_harm,b_harm,p,q,lor
alienation,0.12903225806451613,0.125,0.0040322580645161255,4,4,1.0,1.0,0.035718082602079246
diminished health and well-being,0.0967741935483871,0.34375,-0.2469758064516129,3,11,0.03191018252359048,0.14359582135615714,-1.471435219014824
economic loss,0.0,0.0625,-0.0625,0,2,0.4920634920634921,1.0,-1.6416987746523217
increased labor,0.12903225806451613,0.15625,-0.027217741935483875,4,5,1.0,1.0,-0.20067069546215124
loss of agency or control,0.22580645161290322,0.03125,0.19455645161290322,7,1,0.026479786573964784,0.14359582135615714,1.8607523407150064
opportunity loss,0.03225806451612903,0.0625,-0.03024193548387097,1,2,1.0,1.0,-0.5108256237659905
privacy violation,0.0,0.0,0.0,0,0,1.0,1.0,0.031252543504104315
service or benefit loss,0.2903225806451613,0.15625,0.1340725806451613,9,5,0.23744906391412318,0.7123471917423695,0.7472144018302211
technology-facilitated violence,0.0967741935483871,0.0625,0.034274193548387094,3,2,0.6718665237698301,1.0,0.40429483295997404
