harm,share_A,share_B,share_diff_A_minus_B,a_harm,b_harm,p,q,lor
alienation,0.2222222222222222,0.1111111111111111,0.1111111111111111,6,3,0.46715739688087193,1.0,0.7496593908232877
diminished health and well-being,0.4074074074074074,0.25925925925925924,0.14814814814814814,11,7,0.38690871682654016,1.0,0.6445085200647673
economic loss,0.0,0.07407407407407407,-0.07407407407407407,0,2,0.49056603773584906,1.0,-1.6849454649422455
increased labor,0.0,0.0,0.0,0,0,1.0,1.0,0.0
loss of agency or control,0.07407407407407407,0.1111111111111111,-0.037037037037037035,2,3,1.0,1.0,-0.3764775712349121
opportunity loss,0.18518518518518517,0.2222222222222222,-0.037037037037037035,5,6,1.0,1.0,-0.2125164587399235
privacy violation,0.0,0.037037037037037035,-0.037037037037037035,0,1,1.0,1.0,-1.135653560348459
service or benefit loss,0.07407407407407407,0.1111111111111111,-0.037037037037037035,2,3,1.0,1.0,-0.3764775712349121
technology-facilitated violence,0.037037037037037035,0.07407407407407407,-0.037037037037037035,1,2,1.0,1.0,-0.5492919045937867
