harm,share_A,share_B,share_diff_A_minus_B,a_harm,b_harm,p,q,lor
alienation,0.12903225806451613,0.034482758620689655,0.09454949944382647,4,1,0.3547427891763307,0.787944437364598,1.134330371270189
diminished health and well-being,0.22580645161290322,0.27586206896551724,-0.05005561735261402,7,8,0.7685351062052761,0.8646019944809356,-0.2557833253710701
economic loss,0.0967741935483871,0.034482758620689655,0.06229143492769744,3,1,0.6128456735057983,0.787944437364598,0.8472978603872037
increased labor,0.25806451612903225,0.1724137931034483,0.08565072302558396,8,5,0.5358357329769804,0.787944437364598,0.47699076765841364
loss of agency or control,0.0,0.20689655172413793,-0.20689655172413793,0,6,0.009488281566782903,0.08539453410104612,-2.857936482143011
opportunity loss,0.06451612903225806,0.06896551724137931,-0.004449388209121247,2,2,1.0,1.0,-0.07020425867324857
privacy violation,0.03225806451612903,0.10344827586206896,-0.07119021134593993,1,3,0.3455248290217068,0.787944437364598,-0.987879811008393
service or benefit loss,0.1935483870967742,0.06896551724137931,0.12458286985539488,6,2,0.2566371302270853,0.787944437364598,1.0310189975355815
technology-facilitated violence,0.0,0.034482758620689655,-0.034482758620689655,0,1,0.4833333333333333,0.787944437364598,-1.1986957472250923
