harm,share_A,share_B,share_diff_A_minus_B,a_harm,b_harm,p,q,lor
alienation,0.2222222222222222,0.16,0.06222222222222221,6,4,0.7288762115434994,1.0,0.3677247801253172
diminished health and well-being,0.4074074074074074,0.24,0.1674074074074074,11,6,0.24527930875911225,0.7358379262773367,0.7375989431307793
economic loss,0.0,0.08,-0.08,0,2,0.2262443438914027,0.7358379262773367,-1.7666234959565128
increased labor,0.0,0.12,-0.12,0,3,0.10407239819004525,0.7358379262773367,-2.1465808445174646
loss of agency or control,0.07407407407407407,0.12,-0.045925925925925926,2,3,0.6623649459783912,1.0,-0.461635379575219
opportunity loss,0.18518518518518517,0.2,-0.014814814814814836,5,5,1.0,1.0,-0.09309042306601209
privacy violation,0.0,0.0,0.0,0,0,1.0,1.0,-0.07550755250814517
service or benefit loss,0.07407407407407407,0.04,0.03407407407407407,2,1,1.0,1.0,0.47082028915229157
technology-facilitated violence,0.037037037037037035,0.04,-0.002962962962962966,1,1,1.0,1.0,-0.07847161544149521
