harm,share_A,share_B,share_diff_A_minus_B,a_harm,b_harm,p,q,lor
alienation,0.16,0.0,0.16,4,0,0.027794500863497145,0.15197856786427036,2.6701309662399164
diminished health and well-being,0.24,0.29411764705882354,-0.05411764705882355,6,10,0.7701880117899822,1.0,-0.25131442828090605
economic loss,0.08,0.11764705882352941,-0.03764705882352941,2,4,1.0,1.0,-0.3270604024388663
increased labor,0.12,0.0,0.12,3,0,0.0707496385616291,0.21224891568488727,2.373354163882253
loss of agency or control,0.12,0.058823529411764705,0.06117647058823529,3,2,0.6414179809547247,1.0,0.7041970167465302
opportunity loss,0.2,0.23529411764705882,-0.03529411764705881,5,8,1.0,1.0,-0.1785982244100314
privacy violation,0.0,0.0,0.0,0,0,1.0,1.0,0.3022808718729335
service or benefit loss,0.04,0.2647058823529412,-0.22470588235294117,1,9,0.033773015080948966,0.15197856786427036,-1.8058213558846317
technology-facilitated violence,0.04,0.029411764705882353,0.010588235294117648,1,1,1.0,1.0,0.3128723212803394
