harm,share_A,share_B,share_diff_A_minus_B,a_harm,b_harm,p,q,lor
alienation,0.12903225806451613,0.125,0.0040322580645161255,4,4,1.0,1.0,0.035718082602079246
diminished health and well-being,0.22580645161290322,0.34375,-0.11794354838709678,7,11,0.4047644053061001,1.0,-0.5580641972440038
economic loss,0.0967741935483871,0.0625,0.034274193548387094,3,2,0.6718665237698301,1.0,0.40429483295997404
increased labor,0.25806451612903225,0.15625,0.10181451612903225,8,5,0.36492026517026965,1.0,0.5925036547802579
loss of agency or control,0.0,0.03125,-0.03125,0,1,1.0,1.0,-1.0986122886681098
opportunity loss,0.06451612903225806,0.0625,0.0020161290322580627,2,2,1.0,1.0,0.033336420267591926
privacy violation,0.03225806451612903,0.0,0.03225806451612903,1,0,0.49206349206349204,1.0,1.1621256943904354
service or benefit loss,0.1935483870967742,0.15625,0.03729838709677419,6,5,0.7499603359975584,1.0,0.24256163717131127
technology-facilitated violence,0.0,0.0625,-0.0625,0,2,0.4920634920634921,1.0,-1.6416987746523217
