harm,share_A,share_B,share_diff_A_minus_B,a_harm,b_harm,p,q,lor
demeaning,0.391304347826087,0.07142857142857142,0.3198757763975155,9,2,0.013975333196963754,0.026844602264458485,1.9379971502979878
denying self-identity,0.043478260869565216,0.32142857142857145,-0.2779503105590062,1,9,0.015339772722547705,0.026844602264458485,-1.988927534139004
erasure,0.08695652173913043,0.10714285714285714,-0.020186335403726705,2,3,1.0,1.0,-0.16584671959044972
group alienation,0.391304347826087,0.03571428571428571,0.3555900621118013,9,1,0.002907288595794578,0.020351020170562045,2.4858640457443277
none,0.0,0.0,0.0,0,0,1.0,1.0,0.19290366612449164
reifying categories,0.043478260869565216,0.07142857142857142,-0.02795031055900621,1,2,1.0,1.0,-0.34719619998418877
stereotyping,0.043478260869565216,0.39285714285714285,-0.3493788819875776,1,11,0.006273850943449996,0.021958478302074987,-2.2881963555419462
