harm,share_A,share_B,share_diff_A_minus_B,a_harm,b_harm,p,q,lor
alienation,0.1111111111111111,0.03333333333333333,0.07777777777777778,4,1,0.36625874125874136,0.8216450885023698,1.001762462678192
diminished health and well-being,0.3611111111111111,0.26666666666666666,0.09444444444444444,13,8,0.4403706915331427,0.8216450885023698,0.4191384100083743
economic loss,0.027777777777777776,0.06666666666666667,-0.03888888888888889,1,2,0.5869755244755246,0.8216450885023698,-0.7304542329727559
increased labor,0.1388888888888889,0.1,0.03888888888888889,5,3,0.7189394524395736,0.8216450885023698,0.3161835825839955
loss of agency or control,0.1388888888888889,0.23333333333333334,-0.09444444444444444,5,7,0.35496505439545184,0.8216450885023698,-0.6031420529853136
opportunity loss,0.08333333333333333,0.13333333333333333,-0.05,3,4,0.6929153276654599,0.8216450885023698,-0.48571513411975037
privacy violation,0.05555555555555555,0.03333333333333333,0.02222222222222222,2,1,1.0,1.0,0.3542565630744507
service or benefit loss,0.08333333333333333,0.13333333333333333,-0.05,3,4,0.6929153276654599,0.8216450885023698,-0.48571513411975037
