harm,share_A,share_B,share_diff_A_minus_B,a_harm,b_harm,p,q,lor
alienation,0.05714285714285714,0.03333333333333333,0.023809523809523808,2,1,1.0,1.0,0.383670448280744
diminished health and well-being,0.3142857142857143,0.26666666666666666,0.047619047619047616,11,8,0.7868373419346364,1.0,0.21712306353262675
economic loss,0.05714285714285714,0.06666666666666667,-0.009523809523809525,2,2,1.0,1.0,-0.1616413515564159
increased labor,0.17142857142857143,0.1,0.07142857142857142,6,3,0.4882759685796372,0.7812415497274194,0.548834949732975
loss of agency or control,0.11428571428571428,0.23333333333333334,-0.11904761904761905,4,7,0.3203273963865357,0.7812415497274194,-0.8038127484474649
opportunity loss,0.05714285714285714,0.13333333333333333,-0.0761904761904762,2,4,0.40254274634232334,0.7812415497274194,-0.8221873707409633
privacy violation,0.0,0.03333333333333333,-0.03333333333333333,0,1,0.4615384615384615,0.7812415497274194,-1.2837547218037058
service or benefit loss,0.22857142857142856,0.13333333333333333,0.09523809523809523,8,4,0.3587180649595647,0.7812415497274194,0.5989474950396476
