harm,share_A,share_B,share_diff_A_minus_B,a_harm,b_harm,p,q,lor
alienation,0.16,0.1111111111111111,0.0488888888888889,4,3,0.6982835687466475,1.0,0.38193461069797036
diminished health and well-being,0.24,0.25925925925925924,-0.019259259259259254,6,7,1.0,1.0,-0.09309042306601198
economic loss,0.08,0.07407407407407407,0.005925925925925932,2,2,1.0,1.0,0.0816780310142673
increased labor,0.12,0.0,0.12,3,0,0.10407239819004525,0.9366515837104072,2.1465808445174646
loss of agency or control,0.12,0.1111111111111111,0.00888888888888889,3,3,1.0,1.0,0.08515780834030696
opportunity loss,0.2,0.2222222222222222,-0.0222222222222222,5,6,1.0,1.0,-0.1194260356739114
privacy violation,0.0,0.037037037037037035,-0.037037037037037035,0,1,1.0,1.0,-1.0601460078403138
service or benefit loss,0.04,0.1111111111111111,-0.0711111111111111,1,3,0.6110444177671068,1.0,-0.8472978603872036
technology-facilitated violence,0.04,0.07407407407407407,-0.03407407407407407,1,2,1.0,1.0,-0.47082028915229146
