harm,share_A,share_B,share_diff_A_minus_B,a_harm,b_harm,p,q,lor
alienation,0.034482758620689655,0.125,-0.09051724137931035,1,4,0.35685838658886726,0.9647745718840028,-1.0986122886681098
diminished health and well-being,0.27586206896551724,0.34375,-0.06788793103448276,8,11,0.5932738798825535,1.0,-0.3022808718729335
economic loss,0.034482758620689655,0.0625,-0.028017241379310345,1,2,1.0,1.0,-0.4430030274272296
increased labor,0.1724137931034483,0.15625,0.016163793103448287,5,5,1.0,1.0,0.11551288712184424
loss of agency or control,0.20689655172413793,0.03125,0.17564655172413793,6,1,0.046134824798488676,0.4152134231863981,1.7593241934749013
opportunity loss,0.06896551724137931,0.0625,0.006465517241379309,2,2,1.0,1.0,0.10354067894084036
privacy violation,0.10344827586206896,0.0,0.10344827586206896,3,0,0.10152820227841064,0.4568769102528479,2.1500055053988283
service or benefit loss,0.06896551724137931,0.15625,-0.08728448275862069,2,5,0.4287886986151124,0.9647745718840028,-0.7884573603642702
technology-facilitated violence,0.034482758620689655,0.0625,-0.028017241379310345,1,2,1.0,1.0,-0.4430030274272296
