harm,share_A,share_B,share_diff_A_minus_B,a_harm,b_harm,p,q,lor
demeaning,0.13043478260869565,0.16,-0.029565217391304355,3,4,1.0,1.0,-0.20368637929165145
denying self-identity,0.13043478260869565,0.24,-0.10956521739130434,3,6,0.4656714256405306,0.972575993161673,-0.6690496289808846
erasure,0.17391304347826086,0.04,0.13391304347826086,4,1,0.17996453900709222,0.6298758865248227,1.32687094064909
group alienation,0.043478260869565216,0.08,-0.036521739130434785,1,2,1.0,1.0,-0.4673405118262518
none,0.17391304347826086,0.04,0.13391304347826086,4,1,0.17996453900709222,0.6298758865248227,1.32687094064909
reifying categories,0.043478260869565216,0.04,0.0034782608695652154,1,1,1.0,1.0,0.08515780834030677
stereotyping,0.30434782608695654,0.4,-0.09565217391304348,7,10,0.5557577103780988,0.972575993161673,-0.39899259360254685
