bias_type,alienation,diminished health and well-being,economic loss,increased labor,loss of agency or control,opportunity loss,privacy violation,service or benefit loss,technology-facilitated violence
algorithmic,0.2222222222222222,0.4074074074074074,0.0,0.0,0.07407407407407407,0.18518518518518517,0.0,0.07407407407407407,0.037037037037037035
deployment,0.16,0.24,0.08,0.12,0.12,0.2,0.0,0.04,0.04
evaluation,0.0,0.29411764705882354,0.11764705882352941,0.0,0.058823529411764705,0.23529411764705882,0.0,0.2647058823529412,0.029411764705882353
measurement,0.1111111111111111,0.25925925925925924,0.07407407407407407,0.0,0.1111111111111111,0.2222222222222222,0.037037037037037035,0.1111111111111111,0.07407407407407407
representation,0.0,0.2857142857142857,0.10714285714285714,0.07142857142857142,0.07142857142857142,0.25,0.03571428571428571,0.17857142857142858,0.0
