harm,share_A,share_B,share_diff_A_minus_B,a_harm,b_harm,p,q,lor
alienation,0.0625,0.03333333333333333,0.029166666666666667,2,1,1.0,1.0,0.47748920349839874
diminished health and well-being,0.28125,0.26666666666666666,0.014583333333333337,9,8,1.0,1.0,0.06774052317048555
economic loss,0.03125,0.06666666666666667,-0.035416666666666666,1,2,0.6065573770491803,0.9704918032786886,-0.6109090823229733
increased labor,0.1875,0.1,0.0875,6,3,0.4753566580828538,0.9704918032786886,0.6560804800865726
loss of agency or control,0.15625,0.23333333333333334,-0.07708333333333334,5,7,0.5288626444887585,0.9704918032786886,-0.4673405118262518
opportunity loss,0.03125,0.13333333333333333,-0.10208333333333333,1,4,0.18866351764378994,0.9704918032786886,-1.2714551015075206
privacy violation,0.03125,0.03333333333333333,-0.002083333333333333,1,1,1.0,1.0,-0.06559728248581335
service or benefit loss,0.21875,0.13333333333333333,0.08541666666666667,7,4,0.51067506614576,0.9704918032786886,0.5492919045937867
