bias_type,alienation,diminished health and well-being,economic loss,increased labor,loss of agency or control,opportunity loss,privacy violation,service or benefit loss
algorithmic,0.9564561997176209,0.80096417834068,-0.9445004972211505,-0.36549599809718897,-0.4502374040540364,0.4890306160111312,0.815725937451695,-0.967371717271359
deployment,0.15006119465405984,-0.9195603155498165,2.38691087746614,0.8479551570370927,0.7542814418165112,-1.2787572583513118,0.20171015336369366,-1.4236897755247082
evaluation,-0.2707982639286931,0.2747282375654189,-0.2707982639286931,0.11567337792881487,-0.7971572733649155,-0.13564924908777512,-1.0491086363278161,1.3053301768444954
measurement,-0.1437172912547519,-0.08474837694043949,-0.8158069768284448,0.33542822603862016,-0.1861631236184755,-0.713760195270233,-0.006269623282193988,1.1020565519504975
representation,-0.7465185060876852,-0.23056089542055674,-0.05238726358510071,-0.8603927951661817,0.8443092686687904,1.538438316225317,0.058277151741435836,-0.1630311726283181
