harm,share_A,share_B,share_diff_A_minus_B,a_harm,b_harm,p,q,lor
demeaning,0.391304347826087,0.16,0.23130434782608697,9,4,0.10600250689375852,0.1855043870640774,1.1411186875373094
denying self-identity,0.043478260869565216,0.24,-0.19652173913043477,1,6,0.09945571499257794,0.1855043870640774,-1.6094379124341003
erasure,0.08695652173913043,0.04,0.04695652173913043,2,1,0.601063829787234,0.8414893617021276,0.6414458061830549
group alienation,0.391304347826087,0.08,0.31130434782608696,9,2,0.01570021961400294,0.05495076864901029,1.8178528384559245
none,0.0,0.04,-0.04,0,1,1.0,1.0,-1.0569395922675417
reifying categories,0.043478260869565216,0.04,0.0034782608695652154,1,1,1.0,1.0,0.08515780834030677
stereotyping,0.043478260869565216,0.4,-0.35652173913043483,1,10,0.0048502605073247485,0.03395182355127324,-2.318585434340487
