harm,share_A,share_B,share_diff_A_minus_B,a_harm,b_harm,p,q,lor
alienation,0.1111111111111111,0.0625,0.048611111111111105,4,2,0.6764429600250497,1.0,0.5242732591797933
diminished health and well-being,0.3611111111111111,0.28125,0.0798611111111111,13,9,0.6052982169583565,1.0,0.35139788683788875
economic loss,0.027777777777777776,0.03125,-0.0034722222222222238,1,1,1.0,1.0,-0.11954515064978269
increased labor,0.1388888888888889,0.1875,-0.048611111111111105,5,6,0.7441463041940786,1.0,-0.3398968975025772
loss of agency or control,0.1388888888888889,0.15625,-0.017361111111111105,5,5,1.0,1.0,-0.1358015411590619
opportunity loss,0.08333333333333333,0.03125,0.05208333333333333,3,1,0.6162994161238237,1.0,0.7857399673877702
privacy violation,0.05555555555555555,0.03125,0.024305555555555552,2,1,1.0,1.0,0.41985384556026406
service or benefit loss,0.08333333333333333,0.21875,-0.13541666666666669,3,7,0.1719982811911333,1.0,-1.0350070387135373
