harm,share_A,share_B,share_diff_A_minus_B,a_harm,b_harm,p,q,lor
demeaning,0.07142857142857142,0.16,-0.08857142857142858,2,4,0.4042333914697954,0.8578331768120894,-0.7968784627606783
denying self-identity,0.32142857142857145,0.24,0.08142857142857146,9,6,0.5560736382881115,0.8578331768120894,0.3794896217049038
erasure,0.10714285714285714,0.04,0.06714285714285714,3,1,0.6127379834372066,0.8578331768120894,0.8072925257735044
group alienation,0.03571428571428571,0.08,-0.04428571428571429,1,2,0.5966020660804234,0.8578331768120894,-0.668011207288403
none,0.0,0.04,-0.04,0,1,0.4716981132075472,0.8578331768120894,-1.2498432583920334
reifying categories,0.07142857142857142,0.04,0.031428571428571424,2,1,1.0,1.0,0.4323540083244955
stereotyping,0.39285714285714285,0.4,-0.007142857142857173,11,10,1.0,1.0,-0.030389078798540727
