harm,share_A,share_B,share_diff_A_minus_B,a_harm,b_harm,p,q,lor
alienation,0.125,0.0,0.125,4,0,0.11319281811085091,1.0,2.328560579397306
diminished health and well-being,0.125,0.09375,0.03125,4,3,1.0,1.0,0.2858006043520754
economic loss,0.09375,0.125,-0.03125,3,4,1.0,1.0,-0.28580060435207527
increased labor,0.0625,0.15625,-0.09375,2,5,0.4257664165972029,1.0,-0.8919980393051106
loss of agency or control,0.03125,0.09375,-0.0625,1,3,0.6128024980483998,1.0,-0.912895142873017
opportunity loss,0.25,0.3125,-0.0625,8,10,0.7815649193783852,1.0,-0.29646690200751374
privacy violation,0.03125,0.0,0.03125,1,0,1.0,1.0,1.129864832172214
service or benefit loss,0.25,0.21875,0.03125,8,7,1.0,1.0,0.1651684775677051
technology-facilitated violence,0.03125,0.0,0.03125,1,0,1.0,1.0,1.129864832172214
