harm,share_A,share_B,share_diff_A_minus_B,a_harm,b_harm,p,q,lor
demeaning,0.2857142857142857,0.1935483870967742,0.09216589861751151,8,6,0.5423912444518103,0.8593189578270636,0.48651755261469737
denying self-identity,0.14285714285714285,0.12903225806451613,0.013824884792626724,4,4,1.0,1.0,0.11551288712184443
erasure,0.10714285714285714,0.1935483870967742,-0.08640552995391705,3,6,0.4770428265622919,0.8593189578270636,-0.6190392084062233
group alienation,0.07142857142857142,0.06451612903225806,0.006912442396313362,2,2,1.0,1.0,0.1072455303535978
none,0.17857142857142858,0.06451612903225806,0.11405529953917051,5,2,0.2398028897869,0.8593189578270636,1.015847202559931
reifying categories,0.03571428571428571,0.0967741935483871,-0.06105990783410138,1,3,0.6137992555907597,0.8593189578270636,-0.8115797777851245
stereotyping,0.17857142857142858,0.25806451612903225,-0.07949308755760368,5,8,0.5398371490720065,0.8593189578270636,-0.43531807125784566
