harm,share_A,share_B,share_diff_A_minus_B,a_harm,b_harm,p,q,lor
alienation,0.030303030303030304,0.05714285714285714,-0.026839826839826837,1,2,1.0,1.0,-0.4805202742706617
diminished health and well-being,0.030303030303030304,0.08571428571428572,-0.05541125541125541,1,3,0.6142365097588978,0.9213547646383468,-0.8472978603872037
economic loss,0.21212121212121213,0.11428571428571428,0.09783549783549784,7,4,0.3346933658380038,0.9213547646383468,0.6836684366054016
increased labor,0.18181818181818182,0.08571428571428572,0.09610389610389611,6,3,0.29856392689766803,0.9213547646383468,0.7860932930693896
loss of agency or control,0.09090909090909091,0.2,-0.1090909090909091,3,7,0.3071120342460226,0.9213547646383468,-0.8299626483856578
opportunity loss,0.21212121212121213,0.2857142857142857,-0.07359307359307357,7,10,0.5799845058112664,0.9213547646383468,-0.374938517449009
privacy violation,0.0,0.0,0.0,0,0,1.0,1.0,0.057987257650349316
service or benefit loss,0.24242424242424243,0.17142857142857143,0.070995670995671,8,6,0.5553591630039504,0.9213547646383468,0.413975797776073
technology-facilitated violence,0.0,0.0,0.0,0,0,1.0,1.0,0.057987257650349316
