harm,share_A,share_B,share_diff_A_minus_B,a_harm,b_harm,p,q,lor
alienation,0.029411764705882353,0.05714285714285714,-0.02773109243697479,1,2,1.0,1.0,-0.5108256237659907
diminished health and well-being,0.20588235294117646,0.08571428571428572,0.12016806722689075,7,3,0.18753292040810263,0.4219490709182309,0.9291941367100629
economic loss,0.29411764705882354,0.11428571428571428,0.17983193277310927,10,4,0.07836745449620885,0.35265354523293985,1.0986122886681098
increased labor,0.058823529411764705,0.08571428571428572,-0.02689075630252101,2,3,1.0,1.0,-0.3364722366212129
loss of agency or control,0.058823529411764705,0.2,-0.1411764705882353,2,7,0.15055158987670347,0.4219490709182309,-1.2299482907291965
opportunity loss,0.35294117647058826,0.2857142857142857,0.06722689075630256,12,10,0.6113492992084774,1.0,0.2995165300987838
privacy violation,0.0,0.0,0.0,0,0,1.0,1.0,0.028573372444055948
service or benefit loss,0.0,0.17142857142857143,-0.17142857142857143,0,6,0.024759147406778818,0.22283232666100936,-2.7215184181530767
technology-facilitated violence,0.0,0.0,0.0,0,0,1.0,1.0,0.028573372444055948
