harm,share_A,share_B,share_diff_A_minus_B,a_harm,b_harm,p,q,lor
alienation,0.06666666666666667,0.22580645161290322,-0.15913978494623654,2,7,0.14664493459772848,0.43993480379318545,-1.2498432583920334
diminished health and well-being,0.06666666666666667,0.1935483870967742,-0.12688172043010754,2,6,0.25540587430586104,0.5409934645513433,-1.0667370801376606
economic loss,0.16666666666666666,0.0,0.16666666666666666,5,0,0.023954022316140442,0.10779310042263199,2.6092043664655775
increased labor,0.2,0.0967741935483871,0.10322580645161292,6,3,0.3005519247507463,0.5409934645513433,0.770270178130147
loss of agency or control,0.26666666666666666,0.03225806451612903,0.23440860215053763,8,1,0.012450169784506006,0.10779310042263199,2.038812429791098
opportunity loss,0.16666666666666666,0.22580645161290322,-0.05913978494623656,5,7,0.7490410725269614,0.8426712065928316,-0.3501602629175386
privacy violation,0.0,0.0,0.0,0,0,1.0,1.0,0.03226086221822148
service or benefit loss,0.06666666666666667,0.16129032258064516,-0.09462365591397849,2,5,0.4248219534666061,0.6323185011709602,-0.8612167146466986
technology-facilitated violence,0.0,0.06451612903225806,-0.06451612903225806,0,2,0.4918032786885246,0.6323185011709602,-1.6427743327016922
