harm,share_A,share_B,share_diff_A_minus_B,a_harm,b_harm,p,q,lor
alienation,0.06666666666666667,0.09375,-0.027083333333333334,2,3,1.0,1.0,-0.3019860605500438
diminished health and well-being,0.06666666666666667,0.15625,-0.08958333333333333,2,5,0.4267413462803994,1.0,-0.8241754429663495
economic loss,0.16666666666666666,0.0625,0.10416666666666666,5,2,0.24862169316038074,1.0,0.9675055918132558
increased labor,0.2,0.21875,-0.01874999999999999,6,7,1.0,1.0,-0.10309550902697412
loss of agency or control,0.26666666666666666,0.1875,0.07916666666666666,8,6,0.5495814754165834,1.0,0.4318934103764813
opportunity loss,0.16666666666666666,0.15625,0.010416666666666657,5,5,1.0,1.0,0.0755075525081451
privacy violation,0.0,0.0625,-0.0625,0,2,0.49233209941829714,1.0,-1.6094379124341003
service or benefit loss,0.06666666666666667,0.0625,0.004166666666666666,2,2,1.0,1.0,0.06782259633876109
technology-facilitated violence,0.0,0.0,0.0,0,0,1.0,1.0,0.06351340572232593
