harm,share_A,share_B,share_diff_A_minus_B,a_harm,b_harm,p,q,lor
alienation,0.030303030303030304,0.15625,-0.1259469696969697,1,5,0.10483396385035727,0.31450189155107183,-1.466337068793427
diminished health and well-being,0.030303030303030304,0.1875,-0.1571969696969697,1,6,0.053925235642379284,0.31450189155107183,-1.6704324251369422
economic loss,0.21212121212121213,0.0625,0.14962121212121213,7,2,0.14872079851240722,0.33462179665291625,1.2391942392892992
increased labor,0.18181818181818182,0.03125,0.15056818181818182,6,1,0.10483396385035729,0.31450189155107183,1.6021386099524888
loss of agency or control,0.09090909090909091,0.09375,-0.0028409090909090884,3,3,1.0,1.0,-0.033336420267591836
opportunity loss,0.21212121212121213,0.21875,-0.006628787878787873,7,7,1.0,1.0,-0.03846628082779617
privacy violation,0.0,0.03125,-0.03125,0,1,0.4923076923076923,0.7384615384615384,-1.160170181667543
service or benefit loss,0.24242424242424243,0.1875,0.05492424242424243,8,6,0.764248316797698,0.9826049787398974,0.3067302674224753
technology-facilitated violence,0.0,0.03125,-0.03125,0,1,0.4923076923076923,0.7384615384615384,-1.160170181667543
