harm,share_A,share_B,share_diff_A_minus_B,a_harm,b_harm,p,q,lor
alienation,0.06060606060606061,0.09375,-0.03314393939393939,2,3,0.6723713445024919,1.0,-0.4020695191070263
diminished health and well-being,0.12121212121212122,0.15625,-0.035037878787878785,4,5,0.7330162562025211,1.0,-0.27087495413539975
economic loss,0.06060606060606061,0.0625,-0.0018939393939393923,2,2,1.0,1.0,-0.032260862218221435
increased labor,0.15151515151515152,0.21875,-0.06723484848484848,5,7,0.5372281774177036,1.0,-0.421380563414064
loss of agency or control,0.18181818181818182,0.1875,-0.005681818181818177,6,6,1.0,1.0,-0.0370412716803491
opportunity loss,0.24242424242424243,0.15625,0.08617424242424243,8,5,0.5372281774177037,1.0,0.5108256237659906
privacy violation,0.0,0.0625,-0.0625,0,2,0.23846153846153842,1.0,-1.703256667651755
service or benefit loss,0.18181818181818182,0.0625,0.11931818181818182,6,2,0.25756014847429126,1.0,1.0590521239682766
technology-facilitated violence,0.0,0.0,0.0,0,0,1.0,1.0,-0.030305349495329037
