harm,share_A,share_B,share_diff_A_minus_B,a_harm,b_harm,p,q,lor
alienation,0.09375,0.14705882352941177,-0.05330882352941177,3,5,0.7096439419306884,1.0,-0.45198512374305727
diminished health and well-being,0.15625,0.058823529411764705,0.0974264705882353,5,2,0.2511139134089954,1.0,0.9555114450274363
economic loss,0.0625,0.17647058823529413,-0.11397058823529413,2,6,0.25954360541745924,1.0,-1.0233340413661975
increased labor,0.21875,0.14705882352941177,0.07169117647058823,7,5,0.5323739275304769,1.0,0.45586673948523326
loss of agency or control,0.1875,0.14705882352941177,0.04044117647058823,6,5,0.7478486864134923,1.0,0.27429961501676375
opportunity loss,0.15625,0.20588235294117646,-0.04963235294117646,5,7,0.7524332557514289,1.0,-0.31015492830383945
privacy violation,0.0625,0.058823529411764705,0.003676470588235295,2,2,1.0,1.0,0.06351340572232572
service or benefit loss,0.0625,0.058823529411764705,0.003676470588235295,2,2,1.0,1.0,0.06351340572232572
technology-facilitated violence,0.0,0.0,0.0,0,0,1.0,1.0,0.05971923470162228
