harm,share_A,share_B,share_diff_A_minus_B,a_harm,b_harm,p,q,lor
demeaning,0.2857142857142857,0.21428571428571427,0.07142857142857142,8,6,0.7584814026999053,1.0,0.3613544096606913
denying self-identity,0.14285714285714285,0.03571428571428571,0.10714285714285714,4,1,0.3516295025728989,1.0,1.214125175789954
erasure,0.10714285714285714,0.17857142857142858,-0.07142857142857144,3,5,0.7048733730198768,1.0,-0.5336631547573243
group alienation,0.07142857142857142,0.10714285714285714,-0.03571428571428571,2,3,1.0,1.0,-0.374938517449009
none,0.17857142857142858,0.17857142857142858,0.0,5,5,1.0,1.0,0.0
reifying categories,0.03571428571428571,0.07142857142857142,-0.03571428571428571,1,2,1.0,1.0,-0.5478668954463398
stereotyping,0.17857142857142858,0.21428571428571427,-0.0357142857142857,5,6,1.0,1.0,-0.21053919660290485
