bias_type,alienation,diminished health and well-being,economic loss,increased labor,loss of agency or control,opportunity loss,privacy violation,service or benefit loss,technology-facilitated violence
algorithmic,0.06060606060606061,0.12121212121212122,0.06060606060606061,0.15151515151515152,0.18181818181818182,0.24242424242424243,0.0,0.18181818181818182,0.0
deployment,0.06666666666666667,0.06666666666666667,0.16666666666666666,0.2,0.26666666666666666,0.16666666666666666,0.0,0.06666666666666667,0.0
evaluation,0.09375,0.15625,0.0625,0.21875,0.1875,0.15625,0.0625,0.0625,0.0
measurement,0.14705882352941177,0.058823529411764705,0.17647058823529413,0.14705882352941177,0.14705882352941177,0.20588235294117646,0.058823529411764705,0.058823529411764705,0.0
representation,0.22580645161290322,0.1935483870967742,0.0,0.0967741935483871,0.03225806451612903,0.22580645161290322,0.0,0.16129032258064516,0.06451612903225806
