harm,share_A,share_B,share_diff_A_minus_B,a_harm,b_harm,p,q,lor
demeaning,0.2857142857142857,0.30303030303030304,-0.01731601731601734,8,10,1.0,1.0,-0.07473355866145609
denying self-identity,0.14285714285714285,0.06060606060606061,0.08225108225108224,4,2,0.3995246713520443,0.466112116577385,0.8391010931830252
erasure,0.10714285714285714,0.030303030303030304,0.07683982683982683,3,1,0.3248086154199921,0.45473206158798896,1.089859497558515
group alienation,0.07142857142857142,0.24242424242424243,-0.170995670995671,2,8,0.09207187403631933,0.16112577956355884,-1.2622417124499117
none,0.17857142857142858,0.030303030303030304,0.14826839826839827,5,1,0.08514212205548123,0.16112577956355884,1.6235226523158393
reifying categories,0.03571428571428571,0.30303030303030304,-0.26731601731601734,1,10,0.007748930779805371,0.05424251545863759,-2.1030957325777258
stereotyping,0.17857142857142858,0.030303030303030304,0.14826839826839827,5,1,0.08514212205548123,0.16112577956355884,1.6235226523158393
