bias_type,alienation,diminished health and well-being,economic loss,increased labor,loss of agency or control,opportunity loss,privacy violation,service or benefit loss,technology-facilitated violence
algorithmic,-0.7960576555938088,-1.7727222012778214,0.9267727009719919,1.4407841535888364,-0.19602505491004588,-0.80688617143629,-0.6286569659506871,1.8901058228580263,-0.4445276036638913
deployment,1.9921294851698716,0.5526474117162289,-1.2749192765334778,-1.2507878813203166,-0.14266280874475756,-0.7246231770737773,0.9962974118877012,0.9850790157327254,1.846717836180467
evaluation,-0.8282783482953997,0.8466871812014451,2.176437268292116,-0.7853579991774011,-0.7853579991774011,0.7125652303245071,-0.6381109846590286,-2.06771591419044,-0.45121260440202404
measurement,-0.11778404087867575,1.3766885180136275,-1.322806384236186,0.895181084089209,-0.7416281244096733,0.8166076915740766,0.9620356600154454,-1.5461829903939688,-0.4445276036638913
representation,-0.20113218693640572,-0.978383996086464,-0.541511997833952,-0.29820240050186264,1.8209380626390326,-0.018879353726983145,-0.6474269662646951,0.7620954280961886,-0.45779999816879996
