bias_type,demeaning,denying self-identity,erasure,group alienation,none,reifying categories,stereotyping
algorithmic,0.3404257985387959,0.5863527298559492,-0.09730255451346558,-0.8970852271450606,1.025419228334214,-1.2200243373611452,0.15430334996209175
deployment,-0.4105134629438424,-1.1495599572175847,1.025419228334214,-0.37953605763829484,1.025419228334214,-0.6586634459373054,0.6172133998483674
evaluation,0.5672058603701814,-0.8101627221513197,-1.4168202705863526,1.716232660642066,-1.4168202705863526,3.2369689393688197,-1.9188064472004938
measurement,0.14509525002200246,1.0062305898749053,-0.7592566023652966,0.5,0.3253956867279843,-1.301582746911937,0.0
representation,-0.6613426346170311,0.3812824990555186,1.3266546838651643,-1.0493213372543249,-0.8073742982235718,-0.2738670527013877,1.246500477681503
