harm,share_A,share_B,share_diff_A_minus_B,a_harm,b_harm,p,q,lor
demeaning,0.30303030303030304,0.1935483870967742,0.10948191593352885,10,6,0.3919103409464435,0.48895140625482386,0.5612511112761535
denying self-identity,0.06060606060606061,0.12903225806451613,-0.06842619745845552,2,4,0.4191012053612776,0.48895140625482386,-0.7235882060611808
erasure,0.030303030303030304,0.1935483870967742,-0.16324535679374388,1,6,0.05022228396776882,0.14372517627449133,-1.7088987059647383
group alienation,0.24242424242424243,0.06451612903225806,0.17790811339198437,8,2,0.08330948237501226,0.14579159415627146,1.3694872428035094
none,0.030303030303030304,0.06451612903225806,-0.03421309872922776,1,2,0.6071428571428572,0.6071428571428571,-0.6076754497559081
reifying categories,0.30303030303030304,0.0967741935483871,0.20625610948191594,10,3,0.061596504117639145,0.14372517627449133,1.2915159547926012
stereotyping,0.030303030303030304,0.25806451612903225,-0.22776148582600195,1,8,0.01158490662610959,0.08109434638276714,-2.058840723573685
