harm,share_A,share_B,share_diff_A_minus_B,a_harm,b_harm,p,q,lor
demeaning,0.21428571428571427,0.26666666666666666,-0.05238095238095239,6,8,0.7623501216497925,0.7623501216497927,-0.2682639865946794
denying self-identity,0.03571428571428571,0.16666666666666666,-0.13095238095238093,1,5,0.1954048930215762,0.7623501216497927,-1.3747905366384061
erasure,0.17857142857142858,0.06666666666666667,0.11190476190476191,5,2,0.2457795431976167,0.7623501216497927,0.9813610264887618
group alienation,0.10714285714285714,0.16666666666666666,-0.05952380952380952,3,5,0.7072630623071654,0.7623501216497927,-0.45198512374305727
none,0.17857142857142858,0.13333333333333333,0.045238095238095244,5,4,0.7259982263195066,0.7623501216497927,0.3208150073042145
reifying categories,0.07142857142857142,0.03333333333333333,0.03809523809523809,2,1,0.6052631578947368,0.7623501216497927,0.6180711541195884
stereotyping,0.21428571428571427,0.16666666666666666,0.047619047619047616,6,5,0.7437058239383142,0.7623501216497927,0.292217227617172
