harm,share_A,share_B,share_diff_A_minus_B,a_harm,b_harm,p,q,lor
alienation,0.06060606060606061,0.05714285714285714,0.0034632034632034667,2,2,1.0,1.0,0.061557892999433365
diminished health and well-being,0.24242424242424243,0.08571428571428572,0.15670995670995672,8,3,0.10502438966813399,0.4543957388342022,1.129864832172214
economic loss,0.06060606060606061,0.11428571428571428,-0.053679653679653674,2,4,0.6737466513585917,0.8662456946039035,-0.587786664902119
increased labor,0.15151515151515152,0.08571428571428572,0.0658008658008658,5,3,0.4705413663084327,0.8662456946039035,0.5833211258041441
loss of agency or control,0.06060606060606061,0.2,-0.1393939393939394,2,7,0.1514652462780674,0.4543957388342022,-1.1986957472250923
opportunity loss,0.36363636363636365,0.2857142857142857,0.07792207792207795,12,10,0.605998663778306,0.8662456946039035,0.3449789041755413
privacy violation,0.030303030303030304,0.0,0.030303030303030304,1,0,0.4852941176470588,0.8662456946039035,1.186904895813788
service or benefit loss,0.030303030303030304,0.17142857142857143,-0.14112554112554113,1,6,0.10658247225411406,0.4543957388342022,-1.5631868947833447
technology-facilitated violence,0.0,0.0,0.0,0,0,1.0,1.0,0.057987257650349316
