harm,share_A,share_B,share_diff_A_minus_B,a_harm,b_harm,p,q,lor
alienation,0.03571428571428571,0.0,0.03571428571428571,1,0,0.46666666666666673,1.0,1.2656663733312759
diminished health and well-being,0.03571428571428571,0.09375,-0.05803571428571429,1,3,0.6155157033436895,1.0,-0.7770936017139551
economic loss,0.10714285714285714,0.125,-0.017857142857142863,3,4,1.0,1.0,-0.14008879317068154
increased labor,0.0,0.15625,-0.15625,0,5,0.05486685738308367,0.493801716447753,-2.4336133554004498
loss of agency or control,0.10714285714285714,0.09375,0.013392857142857137,3,3,1.0,1.0,0.14571181118139379
opportunity loss,0.5,0.3125,0.1875,14,10,0.1885801071313613,0.8486104820911259,0.7621400520468967
privacy violation,0.0,0.0,0.0,0,0,1.0,1.0,0.13133600206108675
service or benefit loss,0.21428571428571427,0.21875,-0.004464285714285726,6,7,1.0,1.0,-0.017937700686667432
technology-facilitated violence,0.0,0.0,0.0,0,0,1.0,1.0,0.13133600206108675
