harm,share_A,share_B,share_diff_A_minus_B,a_harm,b_harm,p,q,lor
alienation,0.09375,0.22580645161290322,-0.13205645161290322,3,7,0.1836384515052566,0.5436318700968237,-0.9478571978419895
diminished health and well-being,0.15625,0.1935483870967742,-0.03729838709677419,5,6,0.7499603359975584,0.7499603359975584,-0.2425616371713112
economic loss,0.0625,0.0,0.0625,2,0,0.49206349206349204,0.6025957019948992,1.6416987746523217
increased labor,0.21875,0.0967741935483871,0.1219758064516129,7,3,0.3020177056093465,0.5436318700968237,0.8733656871571213
loss of agency or control,0.1875,0.03225806451612903,0.15524193548387097,6,1,0.10419560989163656,0.5436318700968237,1.6069190194146166
opportunity loss,0.15625,0.22580645161290322,-0.06955645161290322,5,7,0.535640623995466,0.6025957019948992,-0.4256678154256838
privacy violation,0.0625,0.0,0.0625,2,0,0.49206349206349204,0.6025957019948992,1.6416987746523217
service or benefit loss,0.0625,0.16129032258064516,-0.09879032258064516,2,5,0.25651862359427324,0.5436318700968237,-0.9290393109854597
technology-facilitated violence,0.0,0.06451612903225806,-0.06451612903225806,0,2,0.23809523809523808,0.5436318700968237,-1.7062877384240178
