harm,share_A,share_B,share_diff_A_minus_B,a_harm,b_harm,p,q,lor
alienation,0.125,0.1111111111111111,0.013888888888888895,4,4,1.0,1.0,0.13133600206108675
diminished health and well-being,0.125,0.1111111111111111,0.013888888888888895,4,4,1.0,1.0,0.13133600206108675
economic loss,0.09375,0.05555555555555555,0.03819444444444445,3,2,0.6602651080263022,0.8489122817481028,0.4930412973127528
increased labor,0.0625,0.16666666666666666,-0.10416666666666666,2,6,0.2659738108722694,0.8470588235294118,-0.9555114450274363
loss of agency or control,0.03125,0.1111111111111111,-0.0798611111111111,1,4,0.36049902687303925,0.8470588235294118,-1.0673597451640053
opportunity loss,0.25,0.3333333333333333,-0.08333333333333331,8,12,0.5950815598208187,0.8489122817481028,-0.3856624808119848
privacy violation,0.03125,0.0,0.03125,1,0,0.47058823529411764,0.8470588235294118,1.2459370034249682
service or benefit loss,0.25,0.1111111111111111,0.1388888888888889,8,4,0.2030845745399867,0.8470588235294118,0.9185557385050073
technology-facilitated violence,0.03125,0.0,0.03125,1,0,0.47058823529411764,0.8470588235294118,1.2459370034249682
