harm,share_A,share_B,share_diff_A_minus_B,a_harm,b_harm,p,q,lor
alienation,0.14705882352941177,0.22580645161290322,-0.07874762808349145,5,7,0.5272162870252982,0.6778495118896691,-0.4958720740989324
diminished health and well-being,0.058823529411764705,0.1935483870967742,-0.13472485768500947,2,6,0.13774908984689477,0.43967661957381327,-1.1980730821987475
economic loss,0.17647058823529413,0.0,0.17647058823529413,6,0,0.025196285954482672,0.22676657359034405,2.665032816018519
increased labor,0.14705882352941177,0.0967741935483871,0.050284629981024676,5,3,0.7108954766637455,0.7997574112467137,0.417498947671888
loss of agency or control,0.14705882352941177,0.03225806451612903,0.11480075901328274,5,1,0.19956802077703711,0.43967661957381327,1.3326194043978528
opportunity loss,0.20588235294117646,0.22580645161290322,-0.01992409867172676,7,7,1.0,1.0,-0.11551288712184435
privacy violation,0.058823529411764705,0.0,0.058823529411764705,2,0,0.4932692307692307,0.6778495118896691,1.578185368929996
service or benefit loss,0.058823529411764705,0.16129032258064516,-0.10246679316888045,2,5,0.24426478865211848,0.43967661957381327,-0.9925527167077854
technology-facilitated violence,0.0,0.06451612903225806,-0.06451612903225806,0,2,0.22355769230769226,0.43967661957381327,-1.7660069731256403
