harm,share_A,share_B,share_diff_A_minus_B,a_harm,b_harm,p,q,lor
alienation,0.03571428571428571,0.1111111111111111,-0.07539682539682539,1,4,0.375330512956108,0.6755949233209944,-0.9315582040049435
diminished health and well-being,0.03571428571428571,0.1111111111111111,-0.07539682539682539,1,4,0.375330512956108,0.6755949233209944,-0.9315582040049435
economic loss,0.10714285714285714,0.05555555555555555,0.051587301587301584,3,2,0.6460206240084613,0.9690309360126919,0.6387531084941466
increased labor,0.0,0.16666666666666666,-0.16666666666666666,0,6,0.03100435604872321,0.2790392044385089,-2.4971267611227757
loss of agency or control,0.10714285714285714,0.1111111111111111,-0.003968253968253968,3,4,1.0,1.0,-0.008752791109594744
opportunity loss,0.5,0.3333333333333333,0.16666666666666669,14,12,0.20728958087063132,0.6755949233209944,0.6729444732424258
privacy violation,0.0,0.0,0.0,0,0,1.0,1.0,0.24740817331384096
service or benefit loss,0.21428571428571427,0.1111111111111111,0.10317460317460317,6,4,0.3115692779963028,0.6755949233209944,0.7354495602506345
technology-facilitated violence,0.0,0.0,0.0,0,0,1.0,1.0,0.24740817331384096
