harm,share_A,share_B,share_diff_A_minus_B,a_harm,b_harm,p,q,lor
demeaning,0.21428571428571427,0.30303030303030304,-0.08874458874458876,6,10,0.5620447525246359,0.6557188779454086,-0.4360879683221474
denying self-identity,0.03571428571428571,0.06060606060606061,-0.024891774891774895,1,2,1.0,1.0,-0.37502408260692893
erasure,0.17857142857142858,0.030303030303030304,0.14826839826839827,5,1,0.08514212205548123,0.14899871359709216,1.6235226523158393
group alienation,0.10714285714285714,0.24242424242424243,-0.13528138528138528,3,8,0.20068997619512857,0.28096596667317997,-0.8873031950009027
none,0.17857142857142858,0.030303030303030304,0.14826839826839827,5,1,0.08514212205548123,0.14899871359709216,1.6235226523158393
reifying categories,0.07142857142857142,0.30303030303030304,-0.23160173160173161,2,10,0.02780043109984668,0.14351127985238887,-1.5552288371313858
stereotyping,0.21428571428571427,0.030303030303030304,0.18398268398268397,6,1,0.04100322281496825,0.14351127985238887,1.8340618489187444
