harm,share_A,share_B,share_diff_A_minus_B,a_harm,b_harm,p,q,lor
alienation,0.0,0.08695652173913043,-0.08695652173913043,0,2,0.17037037037037037,0.7011774411012209,-2.022625066636175
diminished health and well-being,0.09375,0.21739130434782608,-0.12364130434782608,3,5,0.2572648940240505,0.7011774411012209,-0.9186046550045522
economic loss,0.125,0.08695652173913043,0.03804347826086957,4,2,1.0,1.0,0.3059355127611313
increased labor,0.15625,0.043478260869565216,0.11277173913043478,5,1,0.3831583141239078,0.7011774411012209,1.0986122886681098
loss of agency or control,0.09375,0.0,0.09375,3,0,0.25656565656565655,0.7011774411012209,1.7185203068596524
opportunity loss,0.3125,0.21739130434782608,0.09510869565217392,10,5,0.5453602319676163,0.7011774411012209,0.45088258779895707
privacy violation,0.0,0.0,0.0,0,0,1.0,1.0,-0.32423966818557837
service or benefit loss,0.21875,0.30434782608695654,-0.08559782608695654,7,7,0.5393172527040497,0.7011774411012209,-0.4353180712578455
technology-facilitated violence,0.0,0.043478260869565216,-0.043478260869565216,0,1,0.41818181818181815,0.7011774411012209,-1.466337068793427
