harm,share_A,share_B,share_diff_A_minus_B,a_harm,b_harm,p,q,lor
alienation,0.06060606060606061,0.22580645161290322,-0.1652003910068426,2,7,0.07762651279490754,0.4747151986662961,-1.349926716949016
diminished health and well-being,0.12121212121212122,0.1935483870967742,-0.07233626588465297,4,6,0.5037035141340431,0.9066663254412777,-0.5134365913067109
economic loss,0.06060606060606061,0.0,0.06060606060606061,2,0,0.49255952380952384,0.9066663254412777,1.6094379124341003
increased labor,0.15151515151515152,0.0967741935483871,0.054740957966764425,5,3,0.7091053557762144,1.0,0.4519851237430572
loss of agency or control,0.18181818181818182,0.03225806451612903,0.1495601173020528,6,1,0.10549226637028802,0.4747151986662961,1.5698777477342674
opportunity loss,0.24242424242424243,0.22580645161290322,0.01661779081133921,8,7,1.0,1.0,0.08515780834030677
privacy violation,0.0,0.0,0.0,0,0,1.0,1.0,-0.06155789299943332
service or benefit loss,0.18181818181818182,0.16129032258064516,0.020527859237536666,6,5,1.0,1.0,0.13001281298281714
technology-facilitated violence,0.0,0.06451612903225806,-0.06451612903225806,0,2,0.23065476190476195,0.6919642857142859,-1.736593087919347
