harm,share_A,share_B,share_diff_A_minus_B,a_harm,b_harm,p,q,lor
alienation,0.15625,0.029411764705882353,0.12683823529411764,5,1,0.10013210832882963,0.3003963249864889,1.496642418288756
diminished health and well-being,0.1875,0.20588235294117646,-0.01838235294117646,6,7,1.0,1.0,-0.10605957196032421
economic loss,0.0625,0.29411764705882354,-0.23161764705882354,2,10,0.02347143212295813,0.10562144455331159,-1.6541380913520074
increased labor,0.03125,0.058823529411764705,-0.027573529411764705,1,2,1.0,1.0,-0.4795730802618864
loss of agency or control,0.09375,0.058823529411764705,0.034926470588235295,3,2,0.667887667887668,0.8587127158555731,0.43332206261113054
opportunity loss,0.21875,0.35294117647058826,-0.13419117647058826,7,12,0.28256023556949467,0.635760530031363,-0.6359887667199967
privacy violation,0.03125,0.0,0.03125,1,0,0.48484848484848486,0.7272727272727272,1.1895840668738364
service or benefit loss,0.1875,0.0,0.1875,6,0,0.009973632924452594,0.08976269632007335,2.8287639485066745
technology-facilitated violence,0.03125,0.0,0.03125,1,0,0.48484848484848486,0.7272727272727272,1.1895840668738364
