harm,share_A,share_B,share_diff_A_minus_B,a_harm,b_harm,p,q,lor
alienation,0.125,0.08695652173913043,0.03804347826086957,4,2,1.0,1.0,0.3059355127611313
diminished health and well-being,0.125,0.21739130434782608,-0.09239130434782608,4,5,0.4671537777325674,1.0,-0.6328040506524769
economic loss,0.09375,0.08695652173913043,0.006793478260869568,3,2,1.0,1.0,0.020134908409056025
increased labor,0.0625,0.043478260869565216,0.019021739130434784,2,1,1.0,1.0,0.2066142493629992
loss of agency or control,0.03125,0.0,0.03125,1,0,1.0,1.0,0.8056251639866356
opportunity loss,0.25,0.21739130434782608,0.03260869565217392,8,5,1.0,1.0,0.15441568579144338
privacy violation,0.03125,0.0,0.03125,1,0,1.0,1.0,0.8056251639866356
service or benefit loss,0.25,0.30434782608695654,-0.05434782608695654,8,7,0.7620576914970703,1.0,-0.2701495936901403
technology-facilitated violence,0.03125,0.043478260869565216,-0.012228260869565216,1,1,1.0,1.0,-0.3364722366212129
