harm,share_A,share_B,share_diff_A_minus_B,a_harm,b_harm,p,q,lor
demeaning,0.30303030303030304,0.26666666666666666,0.036363636363636376,10,8,0.7868496390708437,0.7868496390708437,0.16782398172746812
denying self-identity,0.06060606060606061,0.16666666666666666,-0.10606060606060605,2,5,0.24286960802952084,0.4250218140516615,-0.9997664540314771
erasure,0.030303030303030304,0.06666666666666667,-0.03636363636363636,1,2,0.6011180781143763,0.7013044244667723,-0.6421616258270776
group alienation,0.24242424242424243,0.16666666666666666,0.07575757575757577,8,5,0.5422981060887209,0.7013044244667723,0.4353180712578454
none,0.030303030303030304,0.13333333333333333,-0.10303030303030303,1,4,0.18270521466749806,0.4250218140516615,-1.3027076450116248
reifying categories,0.30303030303030304,0.03333333333333333,0.2696969696969697,10,1,0.006522481754943515,0.045657372284604605,2.1732999912509743
stereotyping,0.030303030303030304,0.16666666666666666,-0.13636363636363635,1,5,0.094252585096816,0.329884047838856,-1.5418446213015722
