harm,share_A,share_B,share_diff_A_minus_B,a_harm,b_harm,p,q,lor
demeaning,0.2857142857142857,0.26666666666666666,0.019047619047619035,8,8,1.0,1.0,0.09309042306601183
denying self-identity,0.14285714285714285,0.16666666666666666,-0.023809523809523808,4,5,1.0,1.0,-0.16066536084845204
erasure,0.10714285714285714,0.06666666666666667,0.04047619047619047,3,2,0.6650717703349283,1.0,0.44769787173143744
group alienation,0.07142857142857142,0.16666666666666666,-0.09523809523809523,2,5,0.4249345490656315,1.0,-0.8269236411920662
none,0.17857142857142858,0.13333333333333333,0.045238095238095244,5,4,0.7259982263195066,1.0,0.3208150073042145
reifying categories,0.03571428571428571,0.03333333333333333,0.0023809523809523794,1,1,1.0,1.0,0.07020425867324835
stereotyping,0.17857142857142858,0.16666666666666666,0.011904761904761918,5,5,1.0,1.0,0.0816780310142671
