harm,share_A,share_B,share_diff_A_minus_B,a_harm,b_harm,p,q,lor
alienation,0.0,0.1111111111111111,-0.1111111111111111,0,4,0.11648667399325874,1.0,-2.1972245773362196
diminished health and well-being,0.09375,0.1111111111111111,-0.017361111111111105,3,4,1.0,1.0,-0.1544646022909885
economic loss,0.125,0.05555555555555555,0.06944444444444445,4,2,0.40950840204571554,1.0,0.7788419016648281
increased labor,0.15625,0.16666666666666666,-0.010416666666666657,5,6,1.0,1.0,-0.06351340572232575
loss of agency or control,0.09375,0.1111111111111111,-0.017361111111111105,3,4,1.0,1.0,-0.1544646022909885
opportunity loss,0.3125,0.3333333333333333,-0.020833333333333315,10,12,1.0,1.0,-0.08919557880447095
privacy violation,0.0,0.0,0.0,0,0,1.0,1.0,0.11607217125275422
service or benefit loss,0.21875,0.1111111111111111,0.1076388888888889,7,4,0.32549958864067674,1.0,0.753387260937302
technology-facilitated violence,0.0,0.0,0.0,0,0,1.0,1.0,0.11607217125275422
