harm,share_A,share_B,share_diff_A_minus_B,a_harm,b_harm,p,q,lor
alienation,0.15625,0.05714285714285714,0.09910714285714287,5,2,0.2455785385807407,0.7590413318025259,0.9858167945227655
diminished health and well-being,0.1875,0.08571428571428572,0.10178571428571428,6,3,0.2920880879973995,0.7590413318025259,0.8231345647497387
economic loss,0.0625,0.11428571428571428,-0.05178571428571428,2,4,0.6747034060466897,0.7590413318025259,-0.5555258026838976
increased labor,0.03125,0.08571428571428572,-0.054464285714285715,1,3,0.614967122429809,0.7590413318025259,-0.8160453168830993
loss of agency or control,0.09375,0.2,-0.10625000000000001,3,7,0.30970236980613,0.7590413318025259,-0.7966262281180659
opportunity loss,0.21875,0.2857142857142857,-0.0669642857142857,7,10,0.5839007341953107,0.7590413318025259,-0.3364722366212129
privacy violation,0.03125,0.0,0.03125,1,0,0.47761194029850745,0.7590413318025259,1.2181574393178922
service or benefit loss,0.1875,0.17142857142857143,0.01607142857142857,6,6,1.0,1.0,0.10724553035359759
technology-facilitated violence,0.03125,0.0,0.03125,1,0,0.47761194029850745,0.7590413318025259,1.2181574393178922
