harm,share_A,share_B,share_diff_A_minus_B,a_harm,b_harm,p,q,lor
alienation,0.03571428571428571,0.08695652173913043,-0.05124223602484472,1,2,0.5825210084033614,0.7489555822328933,-0.7569586933048993
diminished health and well-being,0.03571428571428571,0.21739130434782608,-0.18167701863354035,1,5,0.07883962095476489,0.35477829429644203,-1.6956982567185075
economic loss,0.10714285714285714,0.08695652173913043,0.020186335403726705,3,2,1.0,1.0,0.1658467195904496
increased labor,0.0,0.043478260869565216,-0.043478260869565216,0,1,0.45098039215686275,0.7489555822328933,-1.3350010667323402
loss of agency or control,0.10714285714285714,0.0,0.10714285714285714,3,0,0.24235294117647055,0.7270588235294116,1.8642321180410464
opportunity loss,0.5,0.21739130434782608,0.28260869565217395,14,5,0.04670423776637798,0.35477829429644203,1.213022639845854
privacy violation,0.0,0.0,0.0,0,0,1.0,1.0,-0.19290366612449156
service or benefit loss,0.21428571428571427,0.30434782608695654,-0.09006211180124227,6,7,0.5294380565853984,0.7489555822328933,-0.4532557719445129
technology-facilitated violence,0.0,0.043478260869565216,-0.043478260869565216,0,1,0.45098039215686275,0.7489555822328933,-1.3350010667323402
