harm,share_A,share_B,share_diff_A_minus_B,a_harm,b_harm,p,q,lor
alienation,0.15625,0.06060606060606061,0.09564393939393939,5,2,0.2575601484742912,0.6227283805677846,0.9242589015233321
diminished health and well-being,0.1875,0.24242424242424243,-0.05492424242424243,6,8,0.7642483167976979,0.9826049787398973,-0.30673026742247533
economic loss,0.0625,0.06060606060606061,0.0018939393939393923,2,2,1.0,1.0,0.03226086221822148
increased labor,0.03125,0.15151515151515152,-0.12026515151515152,1,5,0.19678136071578695,0.6227283805677846,-1.3993664426872434
loss of agency or control,0.09375,0.06060606060606061,0.03314393939393939,3,2,0.6723713445024919,0.9826049787398973,0.4020695191070263
opportunity loss,0.21875,0.36363636363636365,-0.14488636363636365,7,12,0.2767681691412376,0.6227283805677846,-0.6814511407967541
privacy violation,0.03125,0.030303030303030304,0.0009469696969696961,1,1,1.0,1.0,0.031252543504104315
service or benefit loss,0.1875,0.030303030303030304,0.1571969696969697,6,1,0.05392523564237928,0.4853271207814135,1.6704324251369422
technology-facilitated violence,0.03125,0.0,0.03125,1,0,0.4923076923076923,0.8861538461538461,1.160170181667543
