bias_type,alienation,diminished health and well-being,economic loss,increased labor,loss of agency or control,opportunity loss,privacy violation,service or benefit loss,technology-facilitated violence
algorithmic,0.03571428571428571,0.03571428571428571,0.10714285714285714,0.0,0.10714285714285714,0.5,0.0,0.21428571428571427,0.0
deployment,0.125,0.125,0.09375,0.0625,0.03125,0.25,0.03125,0.25,0.03125
evaluation,0.0,0.09375,0.125,0.15625,0.09375,0.3125,0.0,0.21875,0.0
measurement,0.08695652173913043,0.21739130434782608,0.08695652173913043,0.043478260869565216,0.0,0.21739130434782608,0.0,0.30434782608695654,0.043478260869565216
representation,0.1111111111111111,0.1111111111111111,0.05555555555555555,0.16666666666666666,0.1111111111111111,0.3333333333333333,0.0,0.1111111111111111,0.0
