bias_type,demeaning,denying self-identity,erasure,group alienation,none,reifying categories,stereotyping
algorithmic,0.2857142857142857,0.14285714285714285,0.10714285714285714,0.07142857142857142,0.17857142857142858,0.03571428571428571,0.17857142857142858
deployment,0.21428571428571427,0.03571428571428571,0.17857142857142858,0.10714285714285714,0.17857142857142858,0.07142857142857142,0.21428571428571427
evaluation,0.30303030303030304,0.06060606060606061,0.030303030303030304,0.24242424242424243,0.030303030303030304,0.30303030303030304,0.030303030303030304
measurement,0.26666666666666666,0.16666666666666666,0.06666666666666667,0.16666666666666666,0.13333333333333333,0.03333333333333333,0.16666666666666666
representation,0.1935483870967742,0.12903225806451613,0.1935483870967742,0.06451612903225806,0.06451612903225806,0.0967741935483871,0.25806451612903225
