harm,share_A,share_B,share_diff_A_minus_B,a_harm,b_harm,p,q,lor
alienation,0.06060606060606061,0.14705882352941177,-0.08645276292335116,2,5,0.42747799464217373,0.8865671641791046,-0.8540546428500835
diminished health and well-being,0.12121212121212122,0.058823529411764705,0.06238859180035651,4,2,0.42747799464217384,0.8865671641791046,0.6846364908920367
economic loss,0.06060606060606061,0.17647058823529413,-0.11586452762923352,2,6,0.258537075028389,0.8865671641791046,-1.055594903584419
increased labor,0.15151515151515152,0.14705882352941177,0.00445632798573975,5,5,1.0,1.0,0.03448617607116919
loss of agency or control,0.18181818181818182,0.14705882352941177,0.034759358288770054,6,5,0.7516121388550822,0.9973080421379091,0.23725834333641466
opportunity loss,0.24242424242424243,0.20588235294117646,0.03654188948306597,8,7,0.7756840327739293,0.9973080421379091,0.20067069546215124
privacy violation,0.0,0.058823529411764705,-0.058823529411764705,0,2,0.4925373134328359,0.8865671641791046,-1.6397432619294294
service or benefit loss,0.18181818181818182,0.058823529411764705,0.12299465240641712,6,2,0.1496640379439499,0.8865671641791046,1.1225655296906025
technology-facilitated violence,0.0,0.0,0.0,0,0,1.0,1.0,0.02941388520629319
