harm,share_A,share_B,share_diff_A_minus_B,a_harm,b_harm,p,q,lor
alienation,0.06666666666666667,0.14705882352941177,-0.0803921568627451,2,5,0.43292192873169666,1.0,-0.7539711842931008
diminished health and well-being,0.06666666666666667,0.058823529411764705,0.00784313725490196,2,2,1.0,1.0,0.13133600206108675
economic loss,0.16666666666666666,0.17647058823529413,-0.009803921568627472,5,6,1.0,1.0,-0.05582844955294172
increased labor,0.2,0.14705882352941177,0.05294117647058824,6,5,0.7422566209912109,1.0,0.3527712304582591
loss of agency or control,0.26666666666666666,0.14705882352941177,0.1196078431372549,8,5,0.3514731959441927,1.0,0.7061930253932452
opportunity loss,0.16666666666666666,0.20588235294117646,-0.0392156862745098,5,7,0.7568458688596329,1.0,-0.23464737579569428
privacy violation,0.0,0.058823529411764705,-0.058823529411764705,0,2,0.4940476190476192,1.0,-1.5459245067117746
service or benefit loss,0.06666666666666667,0.058823529411764705,0.00784313725490196,2,2,1.0,1.0,0.13133600206108675
technology-facilitated violence,0.0,0.0,0.0,0,0,1.0,1.0,0.12323264042394826
