harm,share_A,share_B,share_diff_A_minus_B,a_harm,b_harm,p,q,lor
alienation,0.08695652173913043,0.1111111111111111,-0.024154589371980673,2,4,1.0,1.0,-0.17459951070004445
diminished health and well-being,0.21739130434782608,0.1111111111111111,0.10628019323671498,5,4,0.291739641508675,0.5858403140545222,0.7641400527135639
economic loss,0.08695652173913043,0.05555555555555555,0.03140096618357488,2,2,0.6391768433356918,0.8217987985744609,0.47290638890369696
increased labor,0.043478260869565216,0.16666666666666666,-0.12318840579710144,1,6,0.22929837910391918,0.5858403140545222,-1.1621256943904354
loss of agency or control,0.0,0.1111111111111111,-0.1111111111111111,0,4,0.1488818481036021,0.5858403140545222,-1.8729849091506408
opportunity loss,0.21739130434782608,0.3333333333333333,-0.11594202898550723,5,12,0.3905602093696815,0.5858403140545222,-0.540078166603428
privacy violation,0.0,0.0,0.0,0,0,1.0,1.0,0.44031183943833263
service or benefit loss,0.30434782608695654,0.1111111111111111,0.19323671497584544,7,4,0.0891347000541726,0.5858403140545222,1.1887053321951475
technology-facilitated violence,0.043478260869565216,0.0,0.043478260869565216,1,0,0.38983050847457623,0.5858403140545222,1.582409240046181
