harm,share_A,share_B,share_diff_A_minus_B,a_harm,b_harm,p,q,lor
alienation,0.029411764705882353,0.06060606060606061,-0.031194295900178255,1,2,0.6135476463834674,1.0,-0.572383516765424
diminished health and well-being,0.20588235294117646,0.24242424242424243,-0.03654188948306597,7,8,0.7756840327739293,1.0,-0.20067069546215124
economic loss,0.29411764705882354,0.06060606060606061,0.23351158645276293,10,2,0.02302616573033402,0.2072354915730062,1.6863989535702288
increased labor,0.058823529411764705,0.15151515151515152,-0.09269162210338681,2,5,0.25853707502838896,1.0,-0.919793362425357
loss of agency or control,0.058823529411764705,0.06060606060606061,-0.0017825311942959027,2,2,1.0,1.0,-0.03125254350410431
opportunity loss,0.35294117647058826,0.36363636363636365,-0.010695187165775388,12,12,1.0,1.0,-0.0454623740767574
privacy violation,0.0,0.030303030303030304,-0.030303030303030304,0,1,0.49253731343283585,1.0,-1.158331523369732
service or benefit loss,0.0,0.030303030303030304,-0.030303030303030304,0,1,0.49253731343283585,1.0,-1.158331523369732
technology-facilitated violence,0.0,0.0,0.0,0,0,1.0,1.0,-0.02941388520629334
