harm,share_A,share_B,share_diff_A_minus_B,a_harm,b_harm,p,q,lor
demeaning,0.26666666666666666,0.1935483870967742,0.07311827956989247,8,6,0.5541454914609827,0.7144577197369638,0.3934271295486854
denying self-identity,0.16666666666666666,0.12903225806451613,0.03763440860215053,5,4,0.7314914971791966,0.7314914971791966,0.27617824797029633
erasure,0.06666666666666667,0.1935483870967742,-0.12688172043010754,2,6,0.25540587430586104,0.7144577197369638,-1.0667370801376606
group alienation,0.16666666666666666,0.06451612903225806,0.1021505376344086,5,2,0.2554058743058611,0.7144577197369638,0.9341691715456639
none,0.13333333333333333,0.06451612903225806,0.06881720430107527,4,2,0.42482195346660623,0.7144577197369638,0.6950321952557165
reifying categories,0.03333333333333333,0.0967741935483871,-0.06344086021505377,1,3,0.6123923312031119,0.7144577197369638,-0.8817840364583728
stereotyping,0.16666666666666666,0.25806451612903225,-0.0913978494623656,5,8,0.533933420407214,0.7144577197369638,-0.5169961022721128
