bias_type,alienation,diminished health and well-being,economic loss,increased labor,loss of agency or control,opportunity loss,privacy violation,service or benefit loss,technology-facilitated violence
algorithmic,0.030303030303030304,0.030303030303030304,0.21212121212121213,0.18181818181818182,0.09090909090909091,0.21212121212121213,0.0,0.24242424242424243,0.0
deployment,0.15625,0.1875,0.0625,0.03125,0.09375,0.21875,0.03125,0.1875,0.03125
evaluation,0.029411764705882353,0.20588235294117646,0.29411764705882354,0.058823529411764705,0.058823529411764705,0.35294117647058826,0.0,0.0,0.0
measurement,0.06060606060606061,0.24242424242424243,0.06060606060606061,0.15151515151515152,0.06060606060606061,0.36363636363636365,0.030303030303030304,0.030303030303030304,0.0
representation,0.05714285714285714,0.08571428571428572,0.11428571428571428,0.08571428571428572,0.2,0.2857142857142857,0.0,0.17142857142857143,0.0
