harm,share_A,share_B,share_diff_A_minus_B,a_harm,b_harm,p,q,lor
demeaning,0.21428571428571427,0.1935483870967742,0.020737327188940086,6,6,1.0,1.0,0.125163142954006
denying self-identity,0.03571428571428571,0.12903225806451613,-0.09331797235023041,1,4,0.3563320926512658,1.0,-1.0986122886681098
erasure,0.17857142857142858,0.1935483870967742,-0.014976958525345613,5,6,1.0,1.0,-0.08537605364889897
group alienation,0.10714285714285714,0.06451612903225806,0.042626728110599074,3,2,0.6606114670343038,1.0,0.48218404780260676
none,0.17857142857142858,0.06451612903225806,0.11405529953917051,5,2,0.2398028897869,1.0,1.015847202559931
reifying categories,0.07142857142857142,0.0967741935483871,-0.02534562211981567,2,3,1.0,1.0,-0.26371288233878454
stereotyping,0.21428571428571427,0.25806451612903225,-0.04377880184331798,6,8,0.7658745901846471,1.0,-0.22477887465494073
