harm,share_A,share_B,share_diff_A_minus_B,a_harm,b_harm,p,q,lor
alienation,0.030303030303030304,0.06060606060606061,-0.030303030303030304,1,2,1.0,1.0,-0.5420781672700951
diminished health and well-being,0.030303030303030304,0.24242424242424243,-0.21212121212121213,1,8,0.026840789108085576,0.12078355098638509,-1.9771626925594177
economic loss,0.21212121212121213,0.06060606060606061,0.15151515151515152,7,2,0.14872079851240727,0.4461623955372218,1.2714551015075206
increased labor,0.18181818181818182,0.15151515151515152,0.030303030303030304,6,5,1.0,1.0,0.2027721672652455
loss of agency or control,0.09090909090909091,0.06060606060606061,0.030303030303030304,3,2,1.0,1.0,0.3687330988394344
opportunity loss,0.21212121212121213,0.36363636363636365,-0.15151515151515152,7,12,0.2767681691412377,0.6227283805677848,-0.7199174216245502
privacy violation,0.0,0.030303030303030304,-0.030303030303030304,0,1,1.0,1.0,-1.1289176381634387
service or benefit loss,0.24242424242424243,0.030303030303030304,0.21212121212121213,8,1,0.026840789108085576,0.12078355098638509,1.9771626925594177
technology-facilitated violence,0.0,0.0,0.0,0,0,1.0,1.0,0.0
