harm,share_A,share_B,share_diff_A_minus_B,a_harm,b_harm,p,q,lor
alienation,0.030303030303030304,0.029411764705882353,0.0008912655971479513,1,1,1.0,1.0,0.030305349495329058
diminished health and well-being,0.030303030303030304,0.20588235294117646,-0.17557932263814616,1,7,0.054400130495065674,0.24480058722779552,-1.7764919970972666
economic loss,0.21212121212121213,0.29411764705882354,-0.08199643493761141,7,10,0.5762920619063107,1.0,-0.41494385206270823
increased labor,0.18181818181818182,0.058823529411764705,0.12299465240641712,6,2,0.1496640379439499,0.4489921138318496,1.1225655296906025
loss of agency or control,0.09090909090909091,0.058823529411764705,0.03208556149732621,3,2,0.6728445683669565,1.0,0.3999856423435387
opportunity loss,0.21212121212121213,0.35294117647058826,-0.14081996434937613,7,12,0.27962097797903585,0.6291472004528307,-0.6744550475477927
privacy violation,0.0,0.0,0.0,0,0,1.0,1.0,0.02941388520629319
service or benefit loss,0.24242424242424243,0.0,0.24242424242424243,8,0,0.002128700758502569,0.019158306826523124,3.1354942159291497
technology-facilitated violence,0.0,0.0,0.0,0,0,1.0,1.0,0.02941388520629319
