harm,share_A,share_B,share_diff_A_minus_B,a_harm,b_harm,p,q,lor
alienation,0.03571428571428571,0.125,-0.08928571428571429,1,4,0.35919283890614917,0.8081838875388356,-1.0628942060660305
diminished health and well-being,0.03571428571428571,0.125,-0.08928571428571429,1,4,0.35919283890614917,0.8081838875388356,-1.0628942060660305
economic loss,0.10714285714285714,0.09375,0.013392857142857137,3,3,1.0,1.0,0.14571181118139379
increased labor,0.0,0.0625,-0.0625,0,2,0.49378531073446325,0.8888135593220339,-1.5416153160953392
loss of agency or control,0.10714285714285714,0.03125,0.07589285714285714,3,1,0.33071252063531126,0.8081838875388356,1.0586069540544107
opportunity loss,0.5,0.25,0.25,14,8,0.06169959516385645,0.5552963564747081,1.0586069540544105
privacy violation,0.0,0.03125,-0.03125,0,1,1.0,1.0,-0.9985288301111273
service or benefit loss,0.21428571428571427,0.25,-0.035714285714285726,6,8,0.7702449311678672,1.0,-0.1831061782543726
technology-facilitated violence,0.0,0.03125,-0.03125,0,1,1.0,1.0,-0.9985288301111273
