domain,stakeholder_raw,n_bias,n_harms,n_votes,chi2,dof,p,cramers_v,min_expected,pct_expected_lt5,small_counts_flag
diagnosis,developer,5,9,167,41.30830013334758,32,0.12542355807172914,0.24867402891076493,1.1137724550898203,0.6888888888888889,True
diagnosis,healthcare institution,5,8,169,24.956042883306615,28,0.6302268651196274,0.1921385520923839,0.8284023668639053,0.6,True
diagnosis,patient,5,9,167,44.327878275481865,32,0.07222814637395136,0.25760259939448055,0.3473053892215569,0.7777777777777778,True
diagnosis,patient group,5,7,157,51.07964202731364,24,0.0010298361767761672,0.28519644036634323,2.4076433121019107,0.7714285714285715,True
hiring,applicant,5,9,177,44.20980207539162,32,0.07387935938059012,0.24988642074015777,0.192090395480226,0.7333333333333333,True
hiring,applicant group,5,7,160,33.318770170367536,24,0.09752412935682261,0.2281678732670296,3.0,0.7142857142857143,True
hiring,company,5,9,163,33.19282211349756,32,0.40885542344557546,0.22563075227103915,0.1656441717791411,0.7777777777777778,True
hiring,developer,5,9,170,44.137706235276696,32,0.07490309584594257,0.2547712533282861,0.3764705882352941,0.6666666666666666,True
